"Module Name","Display Name","Description","Driver Type","Start Mode","State","Status","Accept Stop","Accept Pause","Paged Pool(bytes)","Code(bytes)","BSS(bytes)","Link Date","Path","Init(bytes)"
"1394ohci","1394 OHCI Uyumlu Ana Bilgisayar Denetleyicisi","1394 OHCI Uyumlu Ana Bilgisayar Denetleyicisi","Kernel ","Manual","Stopped","OK","FALSE","FALSE","4.096","229.376","0","","C:\WINDOWS\system32\drivers\1394ohci.sys","4.096"
"3ware","3ware","3ware","Kernel ","Manual","Stopped","OK","FALSE","FALSE","0","81.920","0","19.05.2015 01:28:03","C:\WINDOWS\system32\drivers\3ware.sys","4.096"
"ACE-BASE","ACE-BASE","ACE-BASE","Kernel ","Manual","Stopped","OK","FALSE","FALSE","8.192","1.810.432","0","17.05.2024 05:12:48","\??\C:\WINDOWS\system32\drivers\ACE-BASE.sys","12.288"
"ACPI","Microsoft ACPI S¹r¹c¹s¹","Microsoft ACPI S¹r¹c¹s¹","Kernel ","Boot","Running","OK","TRUE","FALSE","184.320","466.944","0","","C:\WINDOWS\system32\drivers\ACPI.sys","24.576"
"AcpiAudioCompositorInbox","ACPI Ses Birleütirici S¹r¹c¹s¹","ACPI Ses Birleütirici S¹r¹c¹s¹","Kernel ","Manual","Stopped","OK","FALSE","FALSE","45.056","16.384","0","","C:\WINDOWS\system32\DriverStore\FileRepository\acpiaudiocompositor.inf_amd64_047f553a6f70b169\AcpiAudioCompositor.sys","4.096"
"AcpiDev","ACPI Cihazlar i΅in s¹r¹c¹","ACPI Cihazlar i΅in s¹r¹c¹","Kernel ","Manual","Stopped","OK","FALSE","FALSE","8.192","16.384","0","","C:\WINDOWS\system32\drivers\AcpiDev.sys","4.096"
"acpiex","Microsoft ACPIEx Driver","Microsoft ACPIEx Driver","Kernel ","Boot","Running","OK","TRUE","FALSE","49.152","73.728","0","","C:\WINDOWS\system32\Drivers\acpiex.sys","4.096"
"acpipagr","ACPI ‰ülemci Toplayçcç S¹r¹c¹s¹","ACPI ‰ülemci Toplayçcç S¹r¹c¹s¹","Kernel ","Manual","Stopped","OK","FALSE","FALSE","4.096","8.192","0","","C:\WINDOWS\system32\DriverStore\FileRepository\acpipagr.inf_amd64_d1093347a27ff89c\acpipagr.sys","4.096"
"AcpiPmi","ACPI G¹΅ ôl΅me S¹r¹c¹s¹","ACPI G¹΅ ôl΅me S¹r¹c¹s¹","Kernel ","Manual","Stopped","OK","FALSE","FALSE","8.192","8.192","0","","C:\WINDOWS\system32\DriverStore\FileRepository\acpipmi.inf_amd64_3ced06eb61dcc792\acpipmi.sys","4.096"
"acpitime","ACPI Uyandçrma Uyarçsç S¹r¹c¹s¹","ACPI Uyandçrma Uyarçsç S¹r¹c¹s¹","Kernel ","Manual","Running","OK","TRUE","FALSE","8.192","12.288","0","","C:\WINDOWS\system32\drivers\acpitime.sys","4.096"
"Acx01000","Acx01000","Acx01000","Kernel ","Manual","Stopped","OK","FALSE","FALSE","507.904","139.264","0","","C:\WINDOWS\system32\drivers\Acx01000.sys","4.096"
"ADP80XX","ADP80XX","ADP80XX","Kernel ","Manual","Stopped","OK","FALSE","FALSE","0","1.101.824","0","9.04.2015 23:49:48","C:\WINDOWS\system32\drivers\ADP80XX.SYS","4.096"
"aehd","Android Emulator hypervisor driver Service","Android Emulator hypervisor driver Service","Kernel ","System","Stopped","OK","FALSE","FALSE","8.192","245.760","0","26.03.2024 23:55:18","C:\WINDOWS\system32\DRIVERS\aehd.sys","4.096"
"AFD","Winsock ‰΅in Yardçmcç ‰ülev S¹r¹c¹s¹","Winsock ‰΅in Yardçmcç ‰ülev S¹r¹c¹s¹","Kernel ","System","Running","OK","TRUE","FALSE","139.264","360.448","0","","C:\WINDOWS\system32\drivers\afd.sys","8.192"
"afunix","afunix","afunix","Kernel ","System","Running","OK","TRUE","FALSE","28.672","16.384","0","","C:\WINDOWS\system32\drivers\afunix.sys","4.096"
"ahcache","Application Compatibility Cache","Application Compatibility Cache","Kernel ","System","Running","OK","TRUE","FALSE","208.896","36.864","0","","C:\WINDOWS\system32\DRIVERS\ahcache.sys","4.096"
"amdacpbus","Audio Coprocessr Driver for DSP","Audio Coprocessr Driver for DSP","Kernel ","Manual","Running","OK","TRUE","FALSE","8.192","942.080","0","20.08.2025 23:15:09","C:\WINDOWS\system32\DriverStore\FileRepository\amdacpbus.inf_amd64_fadce9bb372e82f9\amdacpbus.sys","4.096"
"AMDAfdAudioService","AMD Audio Service","AMD Audio Service","Kernel ","Manual","Running","OK","TRUE","FALSE","69.632","204.800","0","20.08.2025 23:15:01","C:\WINDOWS\system32\DriverStore\FileRepository\amdacpafd.inf_amd64_6906a2417c3f5a85\amdacpafd.sys","4.096"
"amdfendr","AMD Crash Defender Driver","AMD Crash Defender Driver","Kernel ","Manual","Running","OK","TRUE","FALSE","4.096","253.952","0","28.01.2025 00:28:39","C:\WINDOWS\system32\DriverStore\FileRepository\amdfendr.inf_amd64_1aafc0a9b0693712\amdfendr.sys","8.192"
"amdfendrmgr","AMD Crash Defender Manager Driver","AMD Crash Defender Manager Driver","Kernel ","Manual","Running","OK","TRUE","FALSE","4.096","8.192","0","28.01.2025 00:28:53","C:\WINDOWS\system32\DriverStore\FileRepository\amdfendr.inf_amd64_1aafc0a9b0693712\amdfendrmgr.sys","4.096"
"amdgpio2","AMD GPIO Client Driver","AMD GPIO Client Driver","Kernel ","Manual","Running","OK","TRUE","FALSE","4.096","20.480","0","5.04.2024 08:33:21","C:\WINDOWS\system32\drivers\amdgpio2.sys","4.096"
"amdi2c","AMD I2C Controller Service","AMD I2C Controller Service","Kernel ","Manual","Running","OK","TRUE","FALSE","4.096","49.152","0","3.10.2023 07:53:47","C:\WINDOWS\system32\drivers\amdi2c.sys","4.096"
"AmdK8","AMD K8 ‰ülemci S¹r¹c¹s¹","AMD K8 ‰ülemci S¹r¹c¹s¹","Kernel ","Manual","Stopped","OK","FALSE","FALSE","122.880","57.344","0","","C:\WINDOWS\system32\drivers\amdk8.sys","12.288"
"AmdMicroPEP","AMD Micro PEP Device","AMD Micro PEP Device","Kernel ","Boot","Running","OK","TRUE","FALSE","4.096","200.704","0","28.03.2024 17:29:22","C:\WINDOWS\system32\drivers\AmdMicroPEP.sys","4.096"
"AmdPPM","AMD ‰ülemcisi S¹r¹c¹s¹","AMD ‰ülemcisi S¹r¹c¹s¹","Kernel ","Manual","Running","OK","TRUE","FALSE","131.072","57.344","0","","C:\WINDOWS\system32\drivers\amdppm.sys","12.288"
"amdpsp","AMD PSP Service","AMD PSP Service","Kernel ","Boot","Running","OK","TRUE","FALSE","4.096","24.576","0","23.01.2024 22:48:17","C:\WINDOWS\system32\drivers\amdpsp.sys","4.096"
"AMDSAFD","AMDSAFD","AMDSAFD","Kernel ","Manual","Running","OK","TRUE","FALSE","40.960","28.672","0","13.06.2024 15:35:32","C:\WINDOWS\system32\DriverStore\FileRepository\amdsafd.inf_amd64_d4de13a10f2586d0\amdsafd.sys","4.096"
"amdsata","amdsata","amdsata","Kernel ","Manual","Stopped","OK","FALSE","FALSE","0","61.440","0","14.05.2015 15:14:52","C:\WINDOWS\system32\drivers\amdsata.sys","4.096"
"amdsbs","amdsbs","amdsbs","Kernel ","Manual","Stopped","OK","FALSE","FALSE","0","229.376","0","12.12.2012 00:21:44","C:\WINDOWS\system32\drivers\amdsbs.sys","4.096"
"amduw23g-418637-ef495aee","amduw23g-418637-ef495aee","amduw23g-418637-ef495aee","Kernel ","Manual","Running","OK","TRUE","FALSE","82.333.696","7.929.856","0","25.08.2025 11:56:54","C:\WINDOWS\system32\DriverStore\FileRepository\u0418637.inf_amd64_4462a7afa694670e\B418564\amdkmdag.sys","12.288"
"amdwps","AMD ‰ü Y¹k¹ Profil Oluüturma Zamanlamasç S¹r¹c¹s¹","AMD ‰ü Y¹k¹ Profil Oluüturma Zamanlamasç S¹r¹c¹s¹","Kernel ","Boot","Running","OK","TRUE","FALSE","8.192","12.288","0","","C:\WINDOWS\system32\drivers\amdwps.sys","4.096"
"amdxata","amdxata","amdxata","Kernel ","Manual","Stopped","OK","FALSE","FALSE","8.192","4.096","0","1.05.2015 03:55:35","C:\WINDOWS\system32\drivers\amdxata.sys","4.096"
"AMDXE","AMD Controller Emulation","AMD Controller Emulation","Kernel ","Manual","Running","OK","TRUE","FALSE","4.096","24.576","0","3.04.2024 01:52:01","C:\WINDOWS\system32\drivers\amdxe.sys","4.096"
"amd_dpfc","AMD_DPFC Service","AMD_DPFC Service","Kernel ","Auto","Running","OK","TRUE","FALSE","8.192","12.288","0","19.08.2024 07:14:16","C:\WINDOWS\system32\DriverStore\FileRepository\nvhmi.inf_amd64_4d24c367b4de1cb9\amd_dpfc.sys","4.096"
"AppID","AppID Driver","AppID Driver","Kernel ","Manual","Stopped","OK","FALSE","FALSE","102.400","28.672","0","","C:\WINDOWS\system32\drivers\appid.sys","8.192"
"AppleSSD","Apple Solid State Drive Device","Apple Solid State Drive Device","Kernel ","Manual","Stopped","OK","FALSE","FALSE","0","86.016","0","12.11.2019 00:24:17","C:\WINDOWS\system32\drivers\AppleSSD.sys","4.096"
"applockerfltr","Smartlocker Filter Driver","Smartlocker Filter Driver","Kernel ","Manual","Stopped","OK","FALSE","FALSE","4.096","12.288","0","","C:\WINDOWS\system32\drivers\applockerfltr.sys","4.096"
"AppvStrm","AppvStrm","AppvStrm","File System ","Manual","Stopped","OK","FALSE","FALSE","4.096","94.208","0","","C:\WINDOWS\system32\drivers\AppvStrm.sys","4.096"
"AppvVemgr","AppvVemgr","AppvVemgr","File System ","Manual","Stopped","OK","FALSE","FALSE","8.192","118.784","0","","C:\WINDOWS\system32\drivers\AppvVemgr.sys","4.096"
"AppvVfs","AppvVfs","AppvVfs","File System ","Manual","Stopped","OK","FALSE","FALSE","12.288","90.112","0","","C:\WINDOWS\system32\drivers\AppvVfs.sys","4.096"
"arcsas","Adaptec SAS/SATA-II RAID Storport's Miniport Driver","Adaptec SAS/SATA-II RAID Storport's Miniport Driver","Kernel ","Manual","Stopped","OK","FALSE","FALSE","0","110.592","0","9.04.2015 22:12:07","C:\WINDOWS\system32\drivers\arcsas.sys","4.096"
"AsyncMac","RAS Asynchronous Media Driver","RAS Asynchronous Media Driver","Kernel ","Manual","Stopped","OK","FALSE","FALSE","0","24.576","0","","C:\WINDOWS\system32\drivers\asyncmac.sys","4.096"
"atapi","IDE Kanalç","IDE Kanalç","Kernel ","Manual","Stopped","OK","FALSE","FALSE","0","20.480","0","","C:\WINDOWS\system32\drivers\atapi.sys","4.096"
"AtiHDAudioService","AMD Function Driver for HD Audio Service","AMD Function Driver for HD Audio Service","Kernel ","Manual","Running","OK","TRUE","FALSE","126.976","81.920","0","18.03.2025 08:54:30","C:\WINDOWS\system32\DriverStore\FileRepository\atihdwt6.inf_amd64_21c8ef1919e76bac\AtihdWT6.sys","4.096"
"b06bdrv","QLogic Network Adapter VBD","QLogic Network Adapter VBD","Kernel ","Manual","Stopped","OK","FALSE","FALSE","0","221.184","0","25.05.2016 10:03:08","C:\WINDOWS\system32\drivers\bxvbda.sys","4.096"
"bam","Background Activity Moderator Driver","Background Activity Moderator Driver","Kernel ","System","Running","OK","TRUE","FALSE","53.248","12.288","0","","C:\WINDOWS\system32\drivers\bam.sys","4.096"
"BasicDisplay","BasicDisplay","BasicDisplay","Kernel ","System","Running","OK","TRUE","FALSE","45.056","16.384","0","","C:\WINDOWS\system32\DriverStore\FileRepository\basicdisplay.inf_amd64_2753efdbb0d9a226\BasicDisplay.sys","4.096"
"BasicRender","BasicRender","BasicRender","Kernel ","System","Running","OK","TRUE","FALSE","4.096","36.864","0","","C:\WINDOWS\system32\DriverStore\FileRepository\basicrender.inf_amd64_59b5b93ba07057a4\BasicRender.sys","4.096"
"bcmfn2","bcmfn2 Service","bcmfn2 Service","Kernel ","Manual","Stopped","OK","FALSE","FALSE","4.096","4.096","0","1.11.2016 05:09:15","C:\WINDOWS\system32\drivers\bcmfn2.sys","4.096"
"Beep","Beep","Beep","Kernel ","System","Running","OK","TRUE","FALSE","0","4.096","0","","C:\WINDOWS\system32\drivers\Beep.sys","4.096"
"bfs","Aracçlçk Dosya Sistemi","Aracçlçk Dosya Sistemi","File System ","Auto","Running","OK","TRUE","FALSE","4.096","73.728","0","","C:\WINDOWS\system32\drivers\bfs.sys","4.096"
"bindflt","Windows Bind Filter Driver","Windows Bind Filter Driver","File System ","Auto","Running","OK","TRUE","FALSE","98.304","32.768","0","","C:\WINDOWS\system32\drivers\bindflt.sys","4.096"
"bowser","Tarayçcç","Tarayçcç","File System ","Manual","Running","OK","TRUE","FALSE","77.824","32.768","0","","C:\WINDOWS\system32\DRIVERS\bowser.sys","4.096"
"BthA2dp","Microsoft Bluetooth A2dp driver","Microsoft Bluetooth A2dp driver","Kernel ","Manual","Running","OK","TRUE","FALSE","81.920","380.928","0","","C:\WINDOWS\system32\drivers\BthA2dp.sys","4.096"
"BthEnum","Bluetooth Numaralandçrçcç Hizmeti","Bluetooth Numaralandçrçcç Hizmeti","Kernel ","Manual","Running","OK","TRUE","FALSE","32.768","36.864","0","","C:\WINDOWS\system32\drivers\BthEnum.sys","4.096"
"BthHFAud","Microsoft Bluetooth Tutmadan Kullançm Ses s¹r¹c¹s¹","Microsoft Bluetooth Tutmadan Kullançm Ses s¹r¹c¹s¹","Kernel ","Manual","Running","OK","TRUE","FALSE","24.576","45.056","0","","C:\WINDOWS\system32\drivers\BthHfAud.sys","4.096"
"BthHFEnum","Microsoft Bluetooth Tutmadan Kullançm Profil s¹r¹c¹s¹","Microsoft Bluetooth Tutmadan Kullançm Profil s¹r¹c¹s¹","Kernel ","Manual","Running","OK","TRUE","FALSE","32.768","106.496","0","","C:\WINDOWS\system32\drivers\bthhfenum.sys","4.096"
"BthLEEnum","Bluetooth D¹ü¹k Enerji S¹r¹c¹s¹","Bluetooth D¹ü¹k Enerji S¹r¹c¹s¹","Kernel ","Manual","Running","OK","TRUE","FALSE","61.440","36.864","0","","C:\WINDOWS\system32\drivers\Microsoft.Bluetooth.Legacy.LEEnumerator.sys","4.096"
"BthMini","Bluetooth Radyo S¹r¹c¹s¹","Bluetooth Radyo S¹r¹c¹s¹","Kernel ","Manual","Stopped","OK","FALSE","FALSE","12.288","24.576","0","","C:\WINDOWS\system32\drivers\BTHMINI.sys","4.096"
"BTHMODEM","Bluetooth Modem ‰letiüim S¹r¹c¹s¹","Bluetooth Modem ‰letiüim S¹r¹c¹s¹","Kernel ","Manual","Running","OK","TRUE","FALSE","12.288","57.344","0","","C:\WINDOWS\system32\drivers\bthmodem.sys","4.096"
"BthPan","Bluetooth Aygçtç (Kiüisel Alan Aßç)","Bluetooth Aygçtç (Kiüisel Alan Aßç)","Kernel ","Manual","Running","OK","TRUE","FALSE","12.288","102.400","0","","C:\WINDOWS\system32\drivers\bthpan.sys","4.096"
"BTHPORT","Bluetooth Baßlantç Noktasç S¹r¹c¹s¹","Bluetooth Baßlantç Noktasç S¹r¹c¹s¹","Kernel ","Manual","Running","OK","TRUE","FALSE","393.216","1.466.368","0","","C:\WINDOWS\system32\drivers\BTHport.sys","8.192"
"BTHUSB","Bluetooth Radyo USB S¹r¹c¹s¹","Bluetooth Radyo USB S¹r¹c¹s¹","Kernel ","Manual","Running","OK","TRUE","FALSE","24.576","61.440","0","","C:\WINDOWS\system32\drivers\BTHUSB.sys","4.096"
"bttflt","Microsoft Hyper-V VHDPMEM BTT Filtresi","Microsoft Hyper-V VHDPMEM BTT Filtresi","Kernel ","Manual","Stopped","OK","FALSE","FALSE","8.192","20.480","0","","C:\WINDOWS\system32\drivers\bttflt.sys","4.096"
"buttonconverter","Taüçnabilir Cihaz Denetimi cihazlarç i΅in hizmet","Taüçnabilir Cihaz Denetimi cihazlarç i΅in hizmet","Kernel ","Manual","Stopped","OK","FALSE","FALSE","12.288","36.864","0","","C:\WINDOWS\system32\drivers\buttonconverter.sys","4.096"
"CAD","ûarj Yînetim S¹r¹c¹s¹","ûarj Yînetim S¹r¹c¹s¹","Kernel ","Manual","Running","OK","TRUE","FALSE","32.768","16.384","0","","C:\WINDOWS\system32\drivers\CAD.sys","4.096"
"CDD","Kurallç Ekran S¹r¹c¹s¹","Kurallç Ekran S¹r¹c¹s¹","Kernel ","Manual","Running","OK","TRUE","FALSE","12.288","245.760","0","","C:\WINDOWS\system32\cdd.dll","4.096"
"cdfs","CD/DVD File System Reader","CD/DVD File System Reader","File System ","Disabled","Stopped","OK","FALSE","FALSE","69.632","16.384","0","","C:\WINDOWS\system32\DRIVERS\cdfs.sys","4.096"
"cdrom","CD-ROM S¹r¹c¹s¹","CD-ROM S¹r¹c¹s¹","Kernel ","System","Running","OK","TRUE","FALSE","81.920","77.824","0","","C:\WINDOWS\system32\drivers\cdrom.sys","4.096"
"cht4iscsi","cht4iscsi","cht4iscsi","Kernel ","Manual","Stopped","OK","FALSE","FALSE","4.096","278.528","0","5.02.2019 16:51:31","C:\WINDOWS\system32\drivers\cht4sx64.sys","4.096"
"cht4vbd","Chelsio Virtual Bus Driver","Chelsio Virtual Bus Driver","Kernel ","Manual","Stopped","OK","FALSE","FALSE","1.433.600","208.896","0","5.02.2019 16:47:51","C:\WINDOWS\system32\drivers\cht4vx64.sys","4.096"
"CimFS","CimFS","CimFS","File System ","System","Running","OK","TRUE","FALSE","12.288","184.320","0","","C:\WINDOWS\system32\drivers\CimFS.sys","4.096"
"circlass","T¹ketici Kçzçlîtesi Aygçtlarç","T¹ketici Kçzçlîtesi Aygçtlarç","Kernel ","Manual","Stopped","OK","FALSE","FALSE","4.096","45.056","0","","C:\WINDOWS\system32\drivers\circlass.sys","4.096"
"CldFlt","Windows Cloud Files Filter Driver","Windows Cloud Files Filter Driver","File System ","Auto","Running","OK","TRUE","FALSE","348.160","126.976","0","","C:\WINDOWS\system32\drivers\cldflt.sys","8.192"
"CLFS","Common Log (CLFS)","Common Log (CLFS)","Kernel ","Boot","Running","OK","TRUE","FALSE","323.584","110.592","0","","C:\WINDOWS\system32\drivers\CLFS.sys","4.096"
"CmBatt","Microsoft ACPI Denetim Yîntemi Pil S¹r¹c¹s¹","Microsoft ACPI Denetim Yîntemi Pil S¹r¹c¹s¹","Kernel ","Manual","Running","OK","TRUE","FALSE","36.864","16.384","0","","C:\WINDOWS\system32\drivers\CmBatt.sys","4.096"
"CNG","CNG","CNG","Kernel ","Boot","Running","OK","TRUE","FALSE","0","638.976","0","","C:\WINDOWS\system32\Drivers\cng.sys","4.096"
"cnghwassist","CNG Hardware Assist algorithm provider","CNG Hardware Assist algorithm provider","Kernel ","Disabled","Stopped","OK","FALSE","FALSE","8.192","20.480","0","","C:\WINDOWS\system32\DRIVERS\cnghwassist.sys","4.096"
"CompositeBus","Bileüik Veri Yolu Numaralandçrçcç S¹r¹c¹s¹","Bileüik Veri Yolu Numaralandçrçcç S¹r¹c¹s¹","Kernel ","Manual","Running","OK","TRUE","FALSE","24.576","16.384","0","","C:\WINDOWS\system32\DriverStore\FileRepository\compositebus.inf_amd64_8cf6fa9d3afdfa25\CompositeBus.sys","4.096"
"condrv","Console Driver","Console Driver","Kernel ","Manual","Running","OK","TRUE","FALSE","32.768","8.192","0","","C:\WINDOWS\system32\drivers\condrv.sys","4.096"
"CSC","Äevrimdçüç Dosyalar S¹r¹c¹s¹","Äevrimdçüç Dosyalar S¹r¹c¹s¹","Kernel ","System","Running","OK","TRUE","FALSE","307.200","200.704","0","","C:\WINDOWS\system32\drivers\csc.sys","8.192"
"dam","Desktop Activity Moderator Driver","Desktop Activity Moderator Driver","Kernel ","System","Running","OK","TRUE","FALSE","36.864","20.480","0","","C:\WINDOWS\system32\drivers\dam.sys","8.192"
"devmap","Kullançcç Modu Cihaz Eüleyici Hizmeti","Kullançcç Modu Cihaz Eüleyici Hizmeti","Kernel ","Manual","Stopped","OK","FALSE","FALSE","4.096","12.288","0","","C:\WINDOWS\system32\DriverStore\FileRepository\devmap.inf_amd64_1993197f4612e967\devmap.sys","4.096"
"Dfsc","DFS Ad Alanç ‰stemci S¹r¹c¹s¹","DFS Ad Alanç ‰stemci S¹r¹c¹s¹","File System ","System","Running","OK","TRUE","FALSE","106.496","28.672","0","","C:\WINDOWS\system32\Drivers\dfsc.sys","4.096"
"disk","Disk S¹r¹c¹s¹","Disk S¹r¹c¹s¹","Kernel ","Boot","Running","OK","TRUE","FALSE","40.960","28.672","0","","C:\WINDOWS\system32\drivers\disk.sys","4.096"
"DisplayMux","Microsoft DisplayMux","Microsoft DisplayMux","Kernel ","Manual","Stopped","OK","FALSE","FALSE","4.096","16.384","0","","C:\WINDOWS\system32\DriverStore\FileRepository\displaymux.inf_amd64_da65a70f0c3ce0f3\DisplayMux.sys","4.096"
"dmvsc","dmvsc","dmvsc","Kernel ","Manual","Stopped","OK","FALSE","FALSE","8.192","32.768","0","","C:\WINDOWS\system32\drivers\dmvsc.sys","4.096"
"drmkaud","Microsoft G¹venilir Ses S¹r¹c¹leri","Microsoft G¹venilir Ses S¹r¹c¹leri","Kernel ","Manual","Stopped","OK","FALSE","FALSE","0","4.096","0","","C:\WINDOWS\system32\drivers\drmkaud.sys","4.096"
"DXGKrnl","LDDM Graphics Subsystem","LDDM Graphics Subsystem","Kernel ","Boot","Running","OK","TRUE","FALSE","2.813.952","659.456","0","","C:\WINDOWS\system32\drivers\dxgkrnl.sys","8.192"
"ebdrv","QLogic 10 Gigabit Ethernet Adapter VBD","QLogic 10 Gigabit Ethernet Adapter VBD","Kernel ","Manual","Stopped","OK","FALSE","FALSE","4.096","1.175.552","0","15.11.2020 13:12:10","C:\WINDOWS\system32\drivers\evbda.sys","4.096"
"ebdrv0","QLogic Legacy Ethernet Adapter VBD","QLogic Legacy Ethernet Adapter VBD","Kernel ","Manual","Stopped","OK","FALSE","FALSE","4.096","1.163.264","0","7.11.2020 13:07:41","C:\WINDOWS\system32\drivers\evbd0a.sys","4.096"
"EhStorClass","Enhanced Storage Filter Driver","Enhanced Storage Filter Driver","Kernel ","Boot","Running","OK","TRUE","FALSE","20.480","69.632","0","","C:\WINDOWS\system32\drivers\EhStorClass.sys","4.096"
"EhStorTcgDrv","IEEE 1667 ve TCG protokollerini destekleyen depolama cihazlarç i΅in Microsoft s¹r¹c¹s¹","IEEE 1667 ve TCG protokollerini destekleyen depolama cihazlarç i΅in Microsoft s¹r¹c¹s¹","Kernel ","Manual","Stopped","OK","FALSE","FALSE","8.192","81.920","0","","C:\WINDOWS\system32\drivers\EhStorTcgDrv.sys","4.096"
"ErrDev","Microsoft Hardware Error Device Driver","Microsoft Hardware Error Device Driver","Kernel ","Manual","Stopped","OK","FALSE","FALSE","4.096","12.288","0","","C:\WINDOWS\system32\drivers\errdev.sys","4.096"
"ExecutionContext","CPU Scheduler for High Performance I/O","CPU Scheduler for High Performance I/O","Kernel ","Manual","Stopped","OK","FALSE","FALSE","20.480","53.248","0","","C:\WINDOWS\system32\Drivers\ExecutionContext.sys","4.096"
"exfat","exFAT File System Driver","exFAT File System Driver","File System ","Manual","Stopped","OK","FALSE","FALSE","233.472","90.112","0","","C:\WINDOWS\system32\drivers\exfat.sys","4.096"
"fastfat","FAT12/16/32 File System Driver","FAT12/16/32 File System Driver","File System ","Manual","Running","OK","TRUE","FALSE","266.240","65.536","0","","C:\WINDOWS\system32\drivers\fastfat.sys","4.096"
"fdc","Disket Denetleyici S¹r¹c¹s¹","Disket Denetleyici S¹r¹c¹s¹","Kernel ","Manual","Stopped","OK","FALSE","FALSE","4.096","28.672","0","","C:\WINDOWS\system32\drivers\fdc.sys","4.096"
"FileCrypt","FileCrypt","FileCrypt","File System ","System","Running","OK","TRUE","FALSE","28.672","20.480","0","","C:\WINDOWS\system32\drivers\filecrypt.sys","4.096"
"FileInfo","File Information FS MiniFilter","File Information FS MiniFilter","File System ","Boot","Running","OK","TRUE","FALSE","49.152","20.480","0","","C:\WINDOWS\system32\drivers\fileinfo.sys","4.096"
"Filetrace","Filetrace","Filetrace","File System ","Manual","Stopped","OK","FALSE","FALSE","12.288","20.480","0","","C:\WINDOWS\system32\drivers\filetrace.sys","4.096"
"flpydisk","Disket S¹r¹c¹s¹","Disket S¹r¹c¹s¹","Kernel ","Manual","Stopped","OK","FALSE","FALSE","16.384","12.288","0","","C:\WINDOWS\system32\drivers\flpydisk.sys","4.096"
"FltMgr","FltMgr","FltMgr","File System ","Boot","Running","OK","TRUE","FALSE","237.568","159.744","0","","C:\WINDOWS\system32\drivers\fltmgr.sys","8.192"
"FsDepends","File System Dependency Minifilter","File System Dependency Minifilter","File System ","Manual","Stopped","OK","FALSE","FALSE","40.960","12.288","0","","C:\WINDOWS\system32\drivers\FsDepends.sys","4.096"
"fse","Flow steering engine","Flow steering engine","Kernel ","Boot","Running","OK","TRUE","FALSE","8.192","122.880","0","","C:\WINDOWS\system32\drivers\fse.sys","4.096"
"fvevol","BitLocker S¹r¹c¹ ûifrelemesi Filtre S¹r¹c¹s¹","BitLocker S¹r¹c¹ ûifrelemesi Filtre S¹r¹c¹s¹","Kernel ","Boot","Running","OK","TRUE","FALSE","573.440","172.032","0","","C:\WINDOWS\system32\DRIVERS\fvevol.sys","12.288"
"gencounter","Microsoft Hyper-V Oluüturma Sayacç","Microsoft Hyper-V Oluüturma Sayacç","Kernel ","Manual","Stopped","OK","FALSE","FALSE","4.096","8.192","0","","C:\WINDOWS\system32\drivers\vmgencounter.sys","4.096"
"genericusbfn","Genel USB ‰ülev Sçnçfç","Genel USB ‰ülev Sçnçfç","Kernel ","Manual","Stopped","OK","FALSE","FALSE","4.096","16.384","0","","C:\WINDOWS\system32\DriverStore\FileRepository\genericusbfn.inf_amd64_71c810ddc0116541\genericusbfn.sys","4.096"
"GenPass","Microsoft GenPass S¹r¹c¹s¹","Microsoft GenPass S¹r¹c¹s¹","Kernel ","Manual","Stopped","OK","FALSE","FALSE","4.096","12.288","0","","C:\WINDOWS\system32\DriverStore\FileRepository\genpass.inf_amd64_0c82d80c9252c9bd\genpass.sys","4.096"
"GPIOClx0101","Microsoft GPIO Class Extension Driver","Microsoft GPIO Class Extension Driver","Kernel ","Manual","Running","OK","TRUE","FALSE","49.152","102.400","0","","C:\WINDOWS\system32\Drivers\msgpioclx.sys","4.096"
"HdAudAddService","High Definition Audio Hizmeti i΅in Microsoft 1.1 UAA ‰ülev S¹r¹c¹s¹","High Definition Audio Hizmeti i΅in Microsoft 1.1 UAA ‰ülev S¹r¹c¹s¹","Kernel ","Manual","Stopped","OK","FALSE","FALSE","385.024","40.960","0","","C:\WINDOWS\system32\drivers\HdAudio.sys","4.096"
"HDAudBus","High Definition Audio i΅in Microsoft UAA Veriyolu S¹r¹c¹s¹","High Definition Audio i΅in Microsoft UAA Veriyolu S¹r¹c¹s¹","Kernel ","Manual","Running","OK","TRUE","FALSE","49.152","102.400","0","","C:\WINDOWS\system32\drivers\HDAudBus.sys","4.096"
"HidBatt","HID UPS Pil S¹r¹c¹s¹","HID UPS Pil S¹r¹c¹s¹","Kernel ","Manual","Stopped","OK","FALSE","FALSE","0","28.672","0","","C:\WINDOWS\system32\drivers\HidBatt.sys","4.096"
"HidBth","Microsoft Bluetooth HID Miniport","Microsoft Bluetooth HID Miniport","Kernel ","Manual","Running","OK","TRUE","FALSE","16.384","57.344","0","","C:\WINDOWS\system32\drivers\hidbth.sys","4.096"
"hidi2c","Microsoft I2C HID Miniport S¹r¹c¹s¹","Microsoft I2C HID Miniport S¹r¹c¹s¹","Kernel ","Manual","Running","OK","TRUE","FALSE","12.288","57.344","0","","C:\WINDOWS\system32\drivers\hidi2c.sys","4.096"
"hidinterrupt","HID D¹ßmeleri i΅in Ortak S¹r¹c¹ kesmelerle uygulandç","HID D¹ßmeleri i΅in Ortak S¹r¹c¹ kesmelerle uygulandç","Kernel ","Manual","Stopped","OK","FALSE","FALSE","16.384","24.576","0","","C:\WINDOWS\system32\drivers\hidinterrupt.sys","4.096"
"HidIr","Microsoft Kçzçlîtesi HID S¹r¹c¹s¹","Microsoft Kçzçlîtesi HID S¹r¹c¹s¹","Kernel ","Manual","Stopped","OK","FALSE","FALSE","16.384","28.672","0","","C:\WINDOWS\system32\drivers\hidir.sys","4.096"
"hidspi","Microsoft SPI HID Miniport S¹r¹c¹s¹","Microsoft SPI HID Miniport S¹r¹c¹s¹","Kernel ","Manual","Stopped","OK","FALSE","FALSE","4.096","86.016","0","","C:\WINDOWS\system32\drivers\hidspi.sys","4.096"
"HidSpiCx","HidSpi KMDF Class Extension","HidSpi KMDF Class Extension","Kernel ","Manual","Stopped","OK","FALSE","FALSE","4.096","77.824","0","","C:\WINDOWS\system32\drivers\HidSpiCx.sys","4.096"
"HidUsb","Microsoft HID Sçnçf S¹r¹c¹s¹","Microsoft HID Sçnçf S¹r¹c¹s¹","Kernel ","Manual","Running","OK","TRUE","FALSE","8.192","32.768","0","","C:\WINDOWS\system32\drivers\hidusb.sys","4.096"
"hnswfpdriver","HNS WFP S¹r¹c¹s¹","HNS WFP S¹r¹c¹s¹","Kernel ","Manual","Stopped","OK","FALSE","FALSE","0","12.288","0","","C:\WINDOWS\system32\drivers\hnswfpdriver.sys","4.096"
"HPCustomCapDriver","HP Application Driver","HP Application Driver","Kernel ","Manual","Running","OK","TRUE","FALSE","4.096","4.096","0","23.08.2021 19:43:55","C:\WINDOWS\system32\DriverStore\FileRepository\hpcustomcapdriver.inf_amd64_1421dec2010cc057\x64\hpcustomcapdriver.sys","4.096"
"HPOmenCustomCapDriver","HP Omen Driver","HP Omen Driver","Kernel ","Manual","Running","OK","TRUE","FALSE","4.096","4.096","0","26.10.2017 00:24:00","C:\WINDOWS\system32\DriverStore\FileRepository\hpomencustomcapdriver.inf_amd64_7a1ef17ecb1f36ce\x64\hpomencustomcapdriver.sys","4.096"
"HpReadHWData","HpReadHWData","HpReadHWData","Kernel ","Auto","Running","OK","TRUE","FALSE","8.192","20.480","0","12.12.2024 04:27:28","\??\C:\WINDOWS\system32\drivers\HpReadHWData.sys","4.096"
"HpSAMD","HpSAMD","HpSAMD","Kernel ","Manual","Stopped","OK","FALSE","FALSE","0","45.056","0","27.03.2013 00:36:54","C:\WINDOWS\system32\drivers\HpSAMD.sys","4.096"
"Hsp","Microsoft Pluton Hizmeti","Microsoft Pluton Hizmeti","Kernel ","Manual","Stopped","OK","FALSE","FALSE","8.192","49.152","0","","C:\WINDOWS\system32\drivers\Hsp.sys","4.096"
"HTTP","HTTP Hizmeti","HTTP Hizmeti","Kernel ","Manual","Running","OK","TRUE","FALSE","106.496","1.417.216","0","","C:\WINDOWS\system32\drivers\HTTP.sys","4.096"
"hvcrash","hvcrash","hvcrash","Kernel ","Disabled","Stopped","OK","FALSE","FALSE","8.192","16.384","0","","C:\WINDOWS\system32\drivers\hvcrash.sys","4.096"
"hvservice","Microsoft Hiper Yînetici Hizmeti S¹r¹c¹s¹","Microsoft Hiper Yînetici Hizmeti S¹r¹c¹s¹","Kernel ","Manual","Running","OK","TRUE","FALSE","24.576","16.384","0","","C:\WINDOWS\system32\drivers\hvservice.sys","4.096"
"hvsocketcontrol","hvsocketcontrol","hvsocketcontrol","Kernel ","System","Running","OK","TRUE","FALSE","12.288","8.192","0","","C:\WINDOWS\system32\drivers\hvsocketcontrol.sys","4.096"
"HwNClx0101","Microsoft Hardware Notifications Class Extension Driver","Microsoft Hardware Notifications Class Extension Driver","Kernel ","Manual","Stopped","OK","FALSE","FALSE","12.288","12.288","0","","C:\WINDOWS\system32\Drivers\mshwnclx.sys","4.096"
"hwpolicy","Hardware Policy Driver","Hardware Policy Driver","Kernel ","Boot","Stopped","OK","FALSE","FALSE","4.096","4.096","0","","C:\WINDOWS\system32\drivers\hwpolicy.sys","4.096"
"hyperkbd","hyperkbd","hyperkbd","Kernel ","Manual","Stopped","OK","FALSE","FALSE","4.096","12.288","0","","C:\WINDOWS\system32\drivers\hyperkbd.sys","4.096"
"HyperVideo","HyperVideo","HyperVideo","Kernel ","Manual","Stopped","OK","FALSE","FALSE","20.480","12.288","0","","C:\WINDOWS\system32\drivers\HyperVideo.sys","4.096"
"I3CHost","I3C Ana Bilgisayar Denetleyicisi Hizmeti","I3C Ana Bilgisayar Denetleyicisi Hizmeti","Kernel ","Manual","Stopped","OK","FALSE","FALSE","86.016","180.224","0","","C:\WINDOWS\system32\DriverStore\FileRepository\i3chost.inf_amd64_25eb32766f7a8c13\i3chost.sys","4.096"
"i8042prt","i8042 Klavye ve PS/2 Fare Baßlantç Noktasç S¹r¹c¹s¹","i8042 Klavye ve PS/2 Fare Baßlantç Noktasç S¹r¹c¹s¹","Kernel ","Manual","Running","OK","TRUE","FALSE","40.960","57.344","0","","C:\WINDOWS\system32\drivers\i8042prt.sys","4.096"
"iagpio","Intel Seri GÄ GPIO Denetleyici S¹r¹c¹s¹","Intel Seri GÄ GPIO Denetleyici S¹r¹c¹s¹","Kernel ","Manual","Stopped","OK","FALSE","FALSE","4.096","24.576","0","23.07.2018 12:04:46","C:\WINDOWS\system32\drivers\iagpio.sys","4.096"
"iai2c","Intel(R) Seri GÄ I2C Ana Bilgisayar Denetleyicisi","Intel(R) Seri GÄ I2C Ana Bilgisayar Denetleyicisi","Kernel ","Manual","Stopped","OK","FALSE","FALSE","4.096","77.824","0","23.07.2018 12:04:39","C:\WINDOWS\system32\drivers\iai2c.sys","4.096"
"iaLPSS2i_GPIO2","Intel(R) Seri GÄ GPIO S¹r¹c¹s¹ v2","Intel(R) Seri GÄ GPIO S¹r¹c¹s¹ v2","Kernel ","Manual","Stopped","OK","FALSE","FALSE","4.096","45.056","0","19.04.2018 10:53:24","C:\WINDOWS\system32\drivers\iaLPSS2i_GPIO2.sys","4.096"
"iaLPSS2i_GPIO2_BXT_P","Intel(R) Seri GÄ GPIO S¹r¹c¹s¹ v2","Intel(R) Seri GÄ GPIO S¹r¹c¹s¹ v2","Kernel ","Manual","Stopped","OK","FALSE","FALSE","4.096","57.344","0","17.04.2018 12:25:15","C:\WINDOWS\system32\drivers\iaLPSS2i_GPIO2_BXT_P.sys","4.096"
"iaLPSS2i_GPIO2_CNL","Intel(R) Seri GÄ GPIO S¹r¹c¹s¹ v2","Intel(R) Seri GÄ GPIO S¹r¹c¹s¹ v2","Kernel ","Manual","Stopped","OK","FALSE","FALSE","4.096","73.728","0","17.04.2018 10:07:03","C:\WINDOWS\system32\drivers\iaLPSS2i_GPIO2_CNL.sys","4.096"
"iaLPSS2i_GPIO2_GLK","Intel(R) Seri GÄ GPIO S¹r¹c¹s¹ v2","Intel(R) Seri GÄ GPIO S¹r¹c¹s¹ v2","Kernel ","Manual","Stopped","OK","FALSE","FALSE","4.096","57.344","0","16.05.2018 08:46:36","C:\WINDOWS\system32\drivers\iaLPSS2i_GPIO2_GLK.sys","4.096"
"iaLPSS2i_I2C","Intel(R) Seri GÄ I2C S¹r¹c¹s¹ v2","Intel(R) Seri GÄ I2C S¹r¹c¹s¹ v2","Kernel ","Manual","Stopped","OK","FALSE","FALSE","4.096","118.784","0","19.04.2018 10:52:58","C:\WINDOWS\system32\drivers\iaLPSS2i_I2C.sys","4.096"
"iaLPSS2i_I2C_BXT_P","Intel(R) Seri GÄ I2C S¹r¹c¹s¹ v2","Intel(R) Seri GÄ I2C S¹r¹c¹s¹ v2","Kernel ","Manual","Stopped","OK","FALSE","FALSE","4.096","122.880","0","17.04.2018 12:24:40","C:\WINDOWS\system32\drivers\iaLPSS2i_I2C_BXT_P.sys","4.096"
"iaLPSS2i_I2C_CNL","Intel(R) Seri GÄ I2C S¹r¹c¹s¹ v2","Intel(R) Seri GÄ I2C S¹r¹c¹s¹ v2","Kernel ","Manual","Stopped","OK","FALSE","FALSE","4.096","126.976","0","15.07.2019 08:12:12","C:\WINDOWS\system32\drivers\iaLPSS2i_I2C_CNL.sys","4.096"
"iaLPSS2i_I2C_GLK","Intel(R) Seri GÄ I2C S¹r¹c¹s¹ v2","Intel(R) Seri GÄ I2C S¹r¹c¹s¹ v2","Kernel ","Manual","Stopped","OK","FALSE","FALSE","4.096","126.976","0","16.05.2018 08:46:02","C:\WINDOWS\system32\drivers\iaLPSS2i_I2C_GLK.sys","4.096"
"iaLPSSi_GPIO","Intel(R) Seri GÄ GPIO Denetleyici S¹r¹c¹s¹","Intel(R) Seri GÄ GPIO Denetleyici S¹r¹c¹s¹","Kernel ","Manual","Stopped","OK","FALSE","FALSE","4.096","12.288","0","2.02.2015 12:00:09","C:\WINDOWS\system32\drivers\iaLPSSi_GPIO.sys","4.096"
"iaLPSSi_I2C","Intel(R) Seri GÄ I2C Denetleyici S¹r¹c¹s¹","Intel(R) Seri GÄ I2C Denetleyici S¹r¹c¹s¹","Kernel ","Manual","Stopped","OK","FALSE","FALSE","4.096","90.112","0","24.02.2015 18:52:07","C:\WINDOWS\system32\drivers\iaLPSSi_I2C.sys","4.096"
"iaStorAVC","Intel Chipset SATA RAID Denetleyici","Intel Chipset SATA RAID Denetleyici","Kernel ","Manual","Stopped","OK","FALSE","FALSE","4.096","786.432","0","5.09.2019 15:07:32","C:\WINDOWS\system32\drivers\iaStorAVC.sys","4.096"
"iaStorV","Intel RAID Denetleyicisi Windows 7","Intel RAID Denetleyicisi Windows 7","Kernel ","Manual","Stopped","OK","FALSE","FALSE","0","364.544","0","11.04.2011 21:48:16","C:\WINDOWS\system32\drivers\iaStorV.sys","8.192"
"ibbus","Mellanox InfiniBand Bus/AL (Filter Driver)","Mellanox InfiniBand Bus/AL (Filter Driver)","Kernel ","Manual","Stopped","OK","FALSE","FALSE","8.192","499.712","0","19.06.2019 16:20:09","C:\WINDOWS\system32\drivers\ibbus.sys","8.192"
"IndirectKmd","Dolaylç Ekranlar Äekirdek Modu S¹r¹c¹s¹","Dolaylç Ekranlar Äekirdek Modu S¹r¹c¹s¹","Kernel ","Manual","Stopped","OK","FALSE","FALSE","32.768","20.480","0","","C:\WINDOWS\system32\drivers\IndirectKmd.sys","4.096"
"IntcAzAudAddService","Service for Realtek HD Audio (WDM)","Service for Realtek HD Audio (WDM)","Kernel ","Manual","Running","OK","TRUE","FALSE","4.112.384","1.351.680","0","7.05.2024 12:26:53","C:\WINDOWS\system32\drivers\RTKVHD64.sys","8.192"
"intelide","intelide","intelide","Kernel ","Manual","Stopped","OK","FALSE","FALSE","0","12.288","0","","C:\WINDOWS\system32\drivers\intelide.sys","4.096"
"intelpep","Intel(R) G¹΅ Altyapçsç Eklenti S¹r¹c¹s¹","Intel(R) G¹΅ Altyapçsç Eklenti S¹r¹c¹s¹","Kernel ","Boot","Running","OK","TRUE","FALSE","45.056","73.728","0","","C:\WINDOWS\system32\drivers\intelpep.sys","4.096"
"intelpmax","Intel(R) Dinamik Cihaz Yoßun Saatlerde G¹΅ Kullançmç Yîneticisi S¹r¹c¹s¹","Intel(R) Dinamik Cihaz Yoßun Saatlerde G¹΅ Kullançmç Yîneticisi S¹r¹c¹s¹","Kernel ","Manual","Stopped","OK","FALSE","FALSE","12.288","16.384","0","","C:\WINDOWS\system32\drivers\intelpmax.sys","4.096"
"IntelPMT","Intel (R) Platform ‰zleme Teknolojisi Hizmeti","Intel (R) Platform ‰zleme Teknolojisi Hizmeti","Kernel ","Boot","Running","OK","TRUE","FALSE","16.384","16.384","0","","C:\WINDOWS\system32\drivers\IntelPMT.sys","4.096"
"intelppm","Intel ‰ülemci S¹r¹c¹s¹","Intel ‰ülemci S¹r¹c¹s¹","Kernel ","Manual","Stopped","OK","FALSE","FALSE","139.264","69.632","0","","C:\WINDOWS\system32\drivers\intelppm.sys","12.288"
"iorate","Disk G/Ä Hçz Filtre S¹r¹c¹s¹","Disk G/Ä Hçz Filtre S¹r¹c¹s¹","Kernel ","Boot","Running","OK","TRUE","FALSE","4.096","36.864","0","","C:\WINDOWS\system32\drivers\iorate.sys","4.096"
"IpFilterDriver","IP Traffic Filter Driver","IP Traffic Filter Driver","Kernel ","Manual","Stopped","OK","FALSE","FALSE","8.192","69.632","0","","C:\WINDOWS\system32\DRIVERS\ipfltdrv.sys","4.096"
"IPMIDRV","IPMIDRV","IPMIDRV","Kernel ","Manual","Stopped","OK","FALSE","FALSE","28.672","57.344","0","","C:\WINDOWS\system32\drivers\IPMIDrv.sys","4.096"
"IPNAT","IP Network Address Translator","IP Network Address Translator","Kernel ","Manual","Stopped","OK","FALSE","FALSE","12.288","188.416","0","","C:\WINDOWS\system32\drivers\ipnat.sys","4.096"
"IPT","IPT","IPT","Kernel ","Manual","Stopped","OK","FALSE","FALSE","32.768","12.288","0","","C:\WINDOWS\system32\drivers\ipt.sys","4.096"
"IpuMcdmDriver","IpuMcdmDriver","IpuMcdmDriver","Kernel ","Manual","Running","OK","TRUE","FALSE","4.096","356.352","0","16.08.2025 07:07:40","C:\WINDOWS\system32\DriverStore\FileRepository\kipudrv.inf_amd64_796ca2cb03bbaefe\ipustack.sys","4.096"
"isapnp","isapnp","isapnp","Kernel ","Manual","Stopped","OK","FALSE","FALSE","4.096","8.192","0","","C:\WINDOWS\system32\drivers\isapnp.sys","4.096"
"iScsiPrt","iScsiPort S¹r¹c¹s¹","iScsiPort S¹r¹c¹s¹","Kernel ","Manual","Stopped","OK","FALSE","FALSE","53.248","200.704","0","","C:\WINDOWS\system32\drivers\msiscsi.sys","4.096"
"ItSas35i","ItSas35i","ItSas35i","Kernel ","Manual","Stopped","OK","FALSE","FALSE","0","159.744","0","1.03.2021 13:15:20","C:\WINDOWS\system32\drivers\ItSas35i.sys","4.096"
"kbdclass","Klavye Sçnçf S¹r¹c¹s¹","Klavye Sçnçf S¹r¹c¹s¹","Kernel ","Manual","Running","OK","TRUE","FALSE","12.288","32.768","0","","C:\WINDOWS\system32\drivers\kbdclass.sys","4.096"
"kbdhid","Klavye HID S¹r¹c¹s¹","Klavye HID S¹r¹c¹s¹","Kernel ","Manual","Running","OK","TRUE","FALSE","8.192","32.768","0","","C:\WINDOWS\system32\drivers\kbdhid.sys","4.096"
"kbldfltr","kbldfltr","kbldfltr","Kernel ","Manual","Stopped","OK","FALSE","FALSE","4.096","12.288","0","","C:\WINDOWS\system32\drivers\kbldfltr.sys","4.096"
"kdnic","Microsoft Äekirdek Hata Ayçklama Aß Miniportu","Microsoft Äekirdek Hata Ayçklama Aß Miniportu","Kernel ","Manual","Running","OK","TRUE","FALSE","8.192","20.480","0","","C:\WINDOWS\system32\drivers\kdnic.sys","4.096"
"kdnic_legacy","Microsoft Äekirdek Hata Ayçklama Aß Miniportu (NDIS 6.20)","Microsoft Äekirdek Hata Ayçklama Aß Miniportu (NDIS 6.20)","Kernel ","Manual","Stopped","OK","FALSE","FALSE","4.096","16.384","0","","C:\WINDOWS\system32\drivers\kdnic_legacy.sys","4.096"
"KSecDD","KSecDD","KSecDD","Kernel ","Boot","Running","OK","TRUE","FALSE","45.056","69.632","0","","C:\WINDOWS\system32\Drivers\ksecdd.sys","4.096"
"KSecPkg","KSecPkg","KSecPkg","Kernel ","Boot","Running","OK","TRUE","FALSE","73.728","69.632","0","","C:\WINDOWS\system32\Drivers\ksecpkg.sys","4.096"
"KslD","KslD","KslD","Kernel ","Manual","Running","OK","TRUE","FALSE","4.096","253.952","0","","C:\WINDOWS\system32\drivers\wd\KslD.sys","8.192"
"ksthunk","Kernel Streaming Thunks","Kernel Streaming Thunks","Kernel ","Manual","Running","OK","TRUE","FALSE","12.288","20.480","0","","C:\WINDOWS\system32\drivers\ksthunk.sys","4.096"
"l1vhlwf","Nested Network Virtualization","Nested Network Virtualization","Kernel ","Auto","Stopped","OK","FALSE","FALSE","4.096","57.344","0","","C:\WINDOWS\system32\drivers\l1vhlwf.sys","4.096"
"l2bridge","Kîpr¹ S¹r¹c¹s¹","Kîpr¹ S¹r¹c¹s¹","Kernel ","Manual","Stopped","OK","FALSE","FALSE","8.192","40.960","0","","C:\WINDOWS\system32\drivers\l2bridge.sys","4.096"
"lltdio","Baßlantç Katmanç Topolojisi Bulma Eüleyicisi G/Ä S¹r¹c¹s¹","Baßlantç Katmanç Topolojisi Bulma Eüleyicisi G/Ä S¹r¹c¹s¹","Kernel ","Auto","Running","OK","TRUE","FALSE","8.192","49.152","0","","C:\WINDOWS\system32\drivers\lltdio.sys","8.192"
"LSI_SAS","LSI_SAS","LSI_SAS","Kernel ","Manual","Stopped","OK","FALSE","FALSE","0","90.112","0","25.03.2015 22:36:48","C:\WINDOWS\system32\drivers\lsi_sas.sys","4.096"
"LSI_SAS2i","LSI_SAS2i","LSI_SAS2i","Kernel ","Manual","Stopped","OK","FALSE","FALSE","0","98.304","0","2.08.2017 16:29:59","C:\WINDOWS\system32\drivers\lsi_sas2i.sys","4.096"
"LSI_SAS3i","LSI_SAS3i","LSI_SAS3i","Kernel ","Manual","Stopped","OK","FALSE","FALSE","0","114.688","0","21.08.2020 10:33:28","C:\WINDOWS\system32\drivers\lsi_sas3i.sys","4.096"
"luafv","UAC Dosyasç Sanallaütçrma","UAC Dosyasç Sanallaütçrma","File System ","Auto","Running","OK","TRUE","FALSE","77.824","16.384","0","","C:\WINDOWS\system32\drivers\luafv.sys","12.288"
"lunparser","LUN Parser","LUN Parser","Kernel ","Manual","Stopped","OK","FALSE","FALSE","4.096","20.480","0","","C:\WINDOWS\system32\drivers\lunparser.sys","4.096"
"lxss","lxss","lxss","Kernel ","Boot","Running","OK","TRUE","FALSE","0","4.096","0","","C:\WINDOWS\system32\drivers\lxss.sys","4.096"
"mausbhost","MA-USB Ana Bilgisayar Denetleyici S¹r¹c¹s¹","MA-USB Ana Bilgisayar Denetleyici S¹r¹c¹s¹","Kernel ","Manual","Stopped","OK","FALSE","FALSE","8.192","323.584","0","","C:\WINDOWS\system32\drivers\mausbhost.sys","4.096"
"mausbip","MA-USB IP Filtre S¹r¹c¹s¹","MA-USB IP Filtre S¹r¹c¹s¹","Kernel ","Manual","Stopped","OK","FALSE","FALSE","4.096","45.056","0","","C:\WINDOWS\system32\drivers\mausbip.sys","4.096"
"MbbCx","MBB Network Adapter Class Extension","MBB Network Adapter Class Extension","Kernel ","Manual","Stopped","OK","FALSE","FALSE","8.192","299.008","0","","C:\WINDOWS\system32\drivers\MbbCx.sys","4.096"
"megasas2i","megasas2i","megasas2i","Kernel ","Manual","Stopped","OK","FALSE","FALSE","0","61.440","0","22.01.2020 12:57:48","C:\WINDOWS\system32\drivers\MegaSas2i.sys","4.096"
"megasas35i","megasas35i","megasas35i","Kernel ","Manual","Stopped","OK","FALSE","FALSE","0","77.824","0","12.01.2021 10:59:10","C:\WINDOWS\system32\drivers\megasas35i.sys","4.096"
"megasr","megasr","megasr","Kernel ","Manual","Stopped","OK","FALSE","FALSE","0","434.176","0","4.06.2013 01:02:39","C:\WINDOWS\system32\drivers\megasr.sys","4.096"
"Microsoft_Bluetooth_AvrcpTransport","Microsoft Bluetooth Avrcp Aktarçm S¹r¹c¹s¹","Microsoft Bluetooth Avrcp Aktarçm S¹r¹c¹s¹","Kernel ","Manual","Running","OK","TRUE","FALSE","28.672","45.056","0","","C:\WINDOWS\system32\drivers\Microsoft.Bluetooth.AvrcpTransport.sys","4.096"
"mlx4_bus","Mellanox ConnectX Bus Enumerator","Mellanox ConnectX Bus Enumerator","Kernel ","Manual","Stopped","OK","FALSE","FALSE","4.096","880.640","0","19.06.2019 16:21:08","C:\WINDOWS\system32\drivers\mlx4_bus.sys","8.192"
"MMCSS","Multimedia Class Scheduler","Multimedia Class Scheduler","Kernel ","Auto","Running","OK","TRUE","FALSE","12.288","24.576","0","","C:\WINDOWS\system32\drivers\mmcss.sys","8.192"
"Modem","Modem","Modem","Kernel ","Manual","Stopped","OK","FALSE","FALSE","32.768","12.288","0","","C:\WINDOWS\system32\drivers\modem.sys","4.096"
"monitor","Microsoft Monitîr Sçnçfç ‰ülev S¹r¹c¹s¹ Hizmeti","Microsoft Monitîr Sçnçfç ‰ülev S¹r¹c¹s¹ Hizmeti","Kernel ","Manual","Running","OK","TRUE","FALSE","40.960","28.672","0","","C:\WINDOWS\system32\drivers\monitor.sys","4.096"
"mouclass","Fare Sçnçf S¹r¹c¹s¹","Fare Sçnçf S¹r¹c¹s¹","Kernel ","Manual","Running","OK","TRUE","FALSE","12.288","32.768","0","","C:\WINDOWS\system32\drivers\mouclass.sys","4.096"
"mouhid","Fare HID S¹r¹c¹s¹","Fare HID S¹r¹c¹s¹","Kernel ","Manual","Running","OK","TRUE","FALSE","8.192","24.576","0","","C:\WINDOWS\system32\drivers\mouhid.sys","4.096"
"mountmgr","Baßlama Noktasç Yîneticisi","Baßlama Noktasç Yîneticisi","Kernel ","Boot","Running","OK","TRUE","FALSE","69.632","16.384","0","","C:\WINDOWS\system32\drivers\mountmgr.sys","4.096"
"mpi3drvi","mpi3drvi","mpi3drvi","Kernel ","Manual","Stopped","OK","FALSE","FALSE","0","69.632","0","17.11.2021 01:22:38","C:\WINDOWS\system32\drivers\mpi3drvi.sys","4.096"
"mpsdrv","Windows Defender Firewall Authorization Driver","Windows Defender Firewall Authorization Driver","Kernel ","Manual","Running","OK","TRUE","FALSE","4.096","65.536","0","","C:\WINDOWS\system32\drivers\mpsdrv.sys","4.096"
"MRxDAV","WebDav ‰stemci Yeniden Yînlendirici S¹r¹c¹s¹","WebDav ‰stemci Yeniden Yînlendirici S¹r¹c¹s¹","File System ","Manual","Stopped","OK","FALSE","FALSE","114.688","32.768","0","","C:\WINDOWS\system32\drivers\mrxdav.sys","4.096"
"mrxsmb","SMB MiniRedirector Sarmalayçcç ve Altyapçsç","SMB MiniRedirector Sarmalayçcç ve Altyapçsç","File System ","Manual","Running","OK","TRUE","FALSE","90.112","397.312","0","","C:\WINDOWS\system32\DRIVERS\mrxsmb.sys","4.096"
"mrxsmb20","SMB 2.0 MiniRedirector","SMB 2.0 MiniRedirector","File System ","Manual","Running","OK","TRUE","FALSE","28.672","249.856","0","","C:\WINDOWS\system32\DRIVERS\mrxsmb20.sys","4.096"
"MsBridge","Microsoft MAC Kîpr¹s¹","Microsoft MAC Kîpr¹s¹","Kernel ","Manual","Stopped","OK","FALSE","FALSE","8.192","94.208","0","","C:\WINDOWS\system32\drivers\bridge.sys","4.096"
"Msfs","Msfs","Msfs","File System ","System","Running","OK","TRUE","FALSE","28.672","8.192","0","","C:\WINDOWS\system32\drivers\Msfs.sys","4.096"
"msgpiowin32","D¹ßmeler, DockMode ve Diz¹st¹/Tablet Gîstergesi i΅in Ortak S¹r¹c¹","D¹ßmeler, DockMode ve Diz¹st¹/Tablet Gîstergesi i΅in Ortak S¹r¹c¹","Kernel ","Manual","Stopped","OK","FALSE","FALSE","20.480","24.576","0","","C:\WINDOWS\system32\drivers\msgpiowin32.sys","4.096"
"mshidkmdf","Pass-through HID to KMDF Filter Driver","Pass-through HID to KMDF Filter Driver","Kernel ","Manual","Running","OK","TRUE","FALSE","4.096","8.192","0","","C:\WINDOWS\system32\drivers\mshidkmdf.sys","4.096"
"mshidumdf","HID - UMDF Doßrudan Ge΅iü S¹r¹c¹s¹","HID - UMDF Doßrudan Ge΅iü S¹r¹c¹s¹","Kernel ","Manual","Stopped","OK","FALSE","FALSE","4.096","8.192","0","","C:\WINDOWS\system32\drivers\mshidumdf.sys","4.096"
"msisadrv","msisadrv","msisadrv","Kernel ","Boot","Running","OK","TRUE","FALSE","4.096","8.192","0","","C:\WINDOWS\system32\drivers\msisadrv.sys","4.096"
"MSKSSRV","Microsoft Akçü Hizmet Proxy'si","Microsoft Akçü Hizmet Proxy'si","Kernel ","Manual","Running","OK","TRUE","FALSE","20.480","16.384","0","","C:\WINDOWS\system32\drivers\MSKSSRV.sys","4.096"
"MsLldp","Microsoft Baßlantç Katmanç Bulma Protokol¹","Microsoft Baßlantç Katmanç Bulma Protokol¹","Kernel ","Auto","Running","OK","TRUE","FALSE","20.480","28.672","0","","C:\WINDOWS\system32\drivers\mslldp.sys","4.096"
"MSPCLOCK","Microsoft Akçü Saat Proxy'si","Microsoft Akçü Saat Proxy'si","Kernel ","Manual","Stopped","OK","FALSE","FALSE","4.096","4.096","0","","C:\WINDOWS\system32\drivers\MSPCLOCK.sys","4.096"
"MSPQM","Microsoft Akçü Kalite Yîneticisi Proxy'si","Microsoft Akçü Kalite Yîneticisi Proxy'si","Kernel ","Manual","Stopped","OK","FALSE","FALSE","4.096","4.096","0","","C:\WINDOWS\system32\drivers\MSPQM.sys","4.096"
"MsQuic","MsQuic","MsQuic","Kernel ","Manual","Stopped","OK","FALSE","FALSE","4.096","307.200","0","","C:\WINDOWS\system32\drivers\msquic.sys","4.096"
"MsQuicPrev","MSQUIC","MSQUIC","Kernel ","Manual","Stopped","OK","FALSE","FALSE","4.096","294.912","0","","C:\WINDOWS\system32\drivers\msquicprev.sys","4.096"
"MsRPC","MsRPC","MsRPC","Kernel ","Manual","Stopped","OK","FALSE","FALSE","266.240","12.288","0","","C:\WINDOWS\system32\drivers\MsRPC.sys","4.096"
"MsSecCore","Microsoft G¹venlik Äekirdek ôny¹kleme S¹r¹c¹s¹","Microsoft G¹venlik Äekirdek ôny¹kleme S¹r¹c¹s¹","Kernel ","Boot","Running","OK","TRUE","FALSE","4.096","12.288","0","","C:\WINDOWS\system32\drivers\msseccore.sys","4.096"
"MsSecFlt","Microsoft Security Events Component Minifilter","Microsoft Security Events Component Minifilter","Kernel ","Manual","Stopped","OK","FALSE","FALSE","135.168","69.632","0","","C:\WINDOWS\system32\drivers\mssecflt.sys","12.288"
"MsSecWfp","Microsoft Security WFP Callout Driver","Microsoft Security WFP Callout Driver","Kernel ","Manual","Stopped","OK","FALSE","FALSE","4.096","8.192","0","","C:\WINDOWS\system32\drivers\mssecwfp.sys","4.096"
"mssmbios","Microsoft Sistem Yînetimi BIOS S¹r¹c¹s¹","Microsoft Sistem Yînetimi BIOS S¹r¹c¹s¹","Kernel ","System","Running","OK","TRUE","FALSE","8.192","20.480","0","","C:\WINDOWS\system32\drivers\mssmbios.sys","4.096"
"MSTEE","Microsoft Akçü T/Alçcçdan-Alçcçya Dîn¹üt¹r¹c¹","Microsoft Akçü T/Alçcçdan-Alçcçya Dîn¹üt¹r¹c¹","Kernel ","Manual","Stopped","OK","FALSE","FALSE","8.192","8.192","0","","C:\WINDOWS\system32\drivers\MSTEE.sys","4.096"
"MTConfig","Microsoft Input Configuration Driver","Microsoft Input Configuration Driver","Kernel ","Manual","Running","OK","TRUE","FALSE","4.096","12.288","0","","C:\WINDOWS\system32\drivers\MTConfig.sys","4.096"
"MTKBTFilterx64","MTK BT Filter Driver","MTK BT Filter Driver","Kernel ","Manual","Running","OK","TRUE","FALSE","4.096","270.336","0","14.03.2025 16:27:34","C:\WINDOWS\system32\DriverStore\FileRepository\mtkbtfilter.inf_amd64_cc5652fed001d342\mtkbtfilterx.sys","4.096"
"mtkwlex","Mediatek PCI LE Extensible Wireless LAN Card Driver","Mediatek PCI LE Extensible Wireless LAN Card Driver","Kernel ","Manual","Running","OK","TRUE","FALSE","4.096","1.241.088","0","17.10.2024 12:13:24","C:\WINDOWS\system32\DriverStore\FileRepository\mtkwl6ex.inf_amd64_136cc7b188f5357b\mtkwl6ex.sys","8.192"
"Mup","Mup","Mup","File System ","Boot","Running","OK","TRUE","FALSE","73.728","24.576","0","","C:\WINDOWS\system32\Drivers\mup.sys","4.096"
"mvumis","mvumis","mvumis","Kernel ","Manual","Stopped","OK","FALSE","FALSE","0","20.480","0","23.05.2014 23:39:04","C:\WINDOWS\system32\drivers\mvumis.sys","4.096"
"NativeWifiP","Yerel Filtresi","Yerel Filtresi","Kernel ","Manual","Running","OK","TRUE","FALSE","8.192","638.976","0","","C:\WINDOWS\system32\DRIVERS\nwifi.sys","4.096"
"ndfltr","NetworkDirect Service","NetworkDirect Service","Kernel ","Manual","Stopped","OK","FALSE","FALSE","4.096","118.784","0","19.06.2019 16:18:42","C:\WINDOWS\system32\drivers\ndfltr.sys","4.096"
"NDIS","NDIS Sistemi S¹r¹c¹s¹","NDIS Sistemi S¹r¹c¹s¹","Kernel ","Boot","Running","OK","TRUE","FALSE","331.776","1.024.000","0","","C:\WINDOWS\system32\drivers\ndis.sys","16.384"
"NdisCap","Microsoft NDIS Yakalama","Microsoft NDIS Yakalama","Kernel ","System","Running","OK","TRUE","FALSE","0","32.768","0","","C:\WINDOWS\system32\drivers\ndiscap.sys","4.096"
"NdisImPlatform","Microsoft Aß Baßdaütçrçcçsç Äoßullayçcç Protokol¹","Microsoft Aß Baßdaütçrçcçsç Äoßullayçcç Protokol¹","Kernel ","Manual","Stopped","OK","FALSE","FALSE","4.096","94.208","0","","C:\WINDOWS\system32\drivers\NdisImPlatform.sys","4.096"
"NdisTapi","Remote Access NDIS TAPI Driver","Remote Access NDIS TAPI Driver","Kernel ","Manual","Stopped","OK","FALSE","FALSE","8.192","16.384","0","","C:\WINDOWS\system32\DRIVERS\ndistapi.sys","4.096"
"Ndisuio","NDIS Usermode I/O Protocol","NDIS Usermode I/O Protocol","Kernel ","Manual","Running","OK","TRUE","FALSE","16.384","40.960","0","","C:\WINDOWS\system32\drivers\ndisuio.sys","4.096"
"NdisVirtualBus","Microsoft Sanal Aß Baßdaütçrçcç Listeleyicisi","Microsoft Sanal Aß Baßdaütçrçcç Listeleyicisi","Kernel ","Manual","Running","OK","TRUE","FALSE","8.192","12.288","0","","C:\WINDOWS\system32\drivers\NdisVirtualBus.sys","4.096"
"NdisWan","Remote Access NDIS WAN Driver","Remote Access NDIS WAN Driver","Kernel ","Manual","Stopped","OK","FALSE","FALSE","81.920","94.208","0","","C:\WINDOWS\system32\drivers\ndiswan.sys","8.192"
"ndiswanlegacy","Remote Access LEGACY NDIS WAN Driver","Remote Access LEGACY NDIS WAN Driver","Kernel ","Manual","Stopped","OK","FALSE","FALSE","81.920","94.208","0","","C:\WINDOWS\system32\DRIVERS\ndiswan.sys","8.192"
"NDKPerf","NDKPerf Driver","NDKPerf Driver","Kernel ","Manual","Stopped","OK","FALSE","FALSE","16.384","24.576","0","","C:\WINDOWS\system32\drivers\NDKPerf.sys","4.096"
"NDKPing","NDKPing Driver","NDKPing Driver","Kernel ","Manual","Stopped","OK","FALSE","FALSE","20.480","36.864","0","","C:\WINDOWS\system32\drivers\NDKPing.sys","4.096"
"ndproxy","NDIS Proxy Driver","NDIS Proxy Driver","Kernel ","Manual","Stopped","OK","FALSE","FALSE","45.056","36.864","0","","C:\WINDOWS\system32\DRIVERS\NDProxy.sys","4.096"
"Ndu","Windows Network Data Usage Monitoring Driver","Windows Network Data Usage Monitoring Driver","Kernel ","Auto","Running","OK","TRUE","FALSE","8.192","77.824","0","","C:\WINDOWS\system32\drivers\Ndu.sys","4.096"
"NetAdapterCx","Network Adapter WDF Class Extension Library","Network Adapter WDF Class Extension Library","Kernel ","Manual","Stopped","OK","FALSE","FALSE","24.576","266.240","0","","C:\WINDOWS\system32\drivers\netadaptercx.sys","4.096"
"NetBIOS","NetBIOS Interface","NetBIOS Interface","File System ","System","Running","OK","TRUE","FALSE","20.480","28.672","0","","C:\WINDOWS\system32\drivers\netbios.sys","4.096"
"NetBT","NetBT","NetBT","Kernel ","System","Running","OK","TRUE","FALSE","77.824","200.704","0","","C:\WINDOWS\system32\DRIVERS\netbt.sys","4.096"
"netvsc","netvsc","netvsc","Kernel ","Manual","Stopped","OK","FALSE","FALSE","8.192","249.856","0","","C:\WINDOWS\system32\drivers\netvsc.sys","4.096"
"NetworkPrivacyPolicy","Microsoft Network Privacy Policy Service","Microsoft Network Privacy Policy Service","Kernel ","Auto","Stopped","OK","FALSE","FALSE","4.096","53.248","0","","C:\WINDOWS\system32\DriverStore\FileRepository\networkprivacypolicy.inf_amd64_e73c465ec80e3c65\NetworkPrivacyPolicy.sys","4.096"
"Npfs","Npfs","Npfs","File System ","System","Running","OK","TRUE","FALSE","53.248","12.288","0","","C:\WINDOWS\system32\drivers\Npfs.sys","4.096"
"npsvctrig","Named pipe service trigger provider","Named pipe service trigger provider","Kernel ","System","Running","OK","TRUE","FALSE","12.288","12.288","0","","C:\WINDOWS\system32\drivers\npsvctrig.sys","4.096"
"nsiproxy","NSI Proxy Service Driver","NSI Proxy Service Driver","Kernel ","System","Running","OK","TRUE","FALSE","8.192","28.672","0","","C:\WINDOWS\system32\drivers\nsiproxy.sys","4.096"
"Ntfs","Ntfs","Ntfs","File System ","Manual","Running","OK","TRUE","FALSE","2.195.456","380.928","0","","C:\WINDOWS\system32\drivers\Ntfs.sys","16.384"
"Null","Null","Null","Kernel ","System","Running","OK","TRUE","FALSE","0","8.192","0","","C:\WINDOWS\system32\drivers\Null.sys","4.096"
"nvdimm","Microsoft NVDIMM cihaz s¹r¹c¹s¹","Microsoft NVDIMM cihaz s¹r¹c¹s¹","Kernel ","Manual","Stopped","OK","FALSE","FALSE","32.768","57.344","0","","C:\WINDOWS\system32\drivers\nvdimm.sys","4.096"
"NVHDA","Service for NVIDIA High Definition Audio Driver","Service for NVIDIA High Definition Audio Driver","Kernel ","Manual","Running","OK","TRUE","FALSE","45.056","45.056","0","3.06.2025 07:59:09","C:\WINDOWS\system32\drivers\nvhda64v.sys","4.096"
"nvlddmkm","nvlddmkm","nvlddmkm","Kernel ","Manual","Running","OK","TRUE","FALSE","89.722.880","14.999.552","0","22.08.2025 01:27:13","C:\WINDOWS\system32\DriverStore\FileRepository\nvhmi.inf_amd64_4d24c367b4de1cb9\nvlddmkm.sys","40.960"
"nvmedisk","Microsoft NVMe disk s¹r¹c¹s¹","Microsoft NVMe disk s¹r¹c¹s¹","Kernel ","Boot","Running","OK","TRUE","FALSE","20.480","28.672","0","","C:\WINDOWS\system32\drivers\nvmedisk.sys","4.096"
"nvpcf","NVPCF Service","NVPCF Service","Kernel ","Manual","Running","OK","TRUE","FALSE","8.192","208.896","0","18.07.2025 09:08:00","C:\WINDOWS\system32\drivers\nvpcf.sys","4.096"
"nvraid","nvraid","nvraid","Kernel ","Manual","Stopped","OK","FALSE","FALSE","8.192","90.112","0","21.04.2014 21:28:42","C:\WINDOWS\system32\drivers\nvraid.sys","8.192"
"nvstor","nvstor","nvstor","Kernel ","Manual","Stopped","OK","FALSE","FALSE","0","118.784","0","21.04.2014 21:34:03","C:\WINDOWS\system32\drivers\nvstor.sys","4.096"
"nvvad_WaveExtensible","NVIDIA Virtual Audio Device (Wave Extensible) (WDM)","NVIDIA Virtual Audio Device (Wave Extensible) (WDM)","Kernel ","Manual","Running","OK","TRUE","FALSE","20.480","8.192","0","28.02.2024 15:30:52","C:\WINDOWS\system32\drivers\nvvad64v.sys","4.096"
"P9Rdr","Plan 9 Redirector Driver","Plan 9 Redirector Driver","Kernel ","Manual","Running","OK","TRUE","FALSE","4.096","81.920","0","","C:\WINDOWS\system32\drivers\p9rdr.sys","4.096"
"Parport","Paralel baßlantç noktasç s¹r¹c¹s¹","Paralel baßlantç noktasç s¹r¹c¹s¹","Kernel ","Manual","Stopped","OK","FALSE","FALSE","4.096","90.112","0","","C:\WINDOWS\system32\drivers\parport.sys","4.096"
"partmgr","Bîl¹m s¹r¹c¹s¹","Bîl¹m s¹r¹c¹s¹","Kernel ","Boot","Running","OK","TRUE","FALSE","53.248","77.824","0","","C:\WINDOWS\system32\drivers\partmgr.sys","4.096"
"passthruparser","PassthroughParser","PassthroughParser","Kernel ","Manual","Stopped","OK","FALSE","FALSE","8.192","16.384","0","","C:\WINDOWS\system32\drivers\passthruparser.sys","4.096"
"pci","PCI Veri Yolu S¹r¹c¹s¹","PCI Veri Yolu S¹r¹c¹s¹","Kernel ","Boot","Running","OK","TRUE","FALSE","233.472","225.280","0","","C:\WINDOWS\system32\drivers\pci.sys","12.288"
"pciide","pciide","pciide","Kernel ","Manual","Stopped","OK","FALSE","FALSE","0","8.192","0","","C:\WINDOWS\system32\drivers\pciide.sys","4.096"
"pcip","PCI Ara Sunucusu s¹r¹c¹s¹","PCI Ara Sunucusu s¹r¹c¹s¹","Kernel ","Manual","Stopped","OK","FALSE","FALSE","36.864","24.576","0","","C:\WINDOWS\system32\drivers\pcip.sys","4.096"
"pcmcia","pcmcia","pcmcia","Kernel ","Manual","Stopped","OK","FALSE","FALSE","45.056","53.248","0","","C:\WINDOWS\system32\drivers\pcmcia.sys","8.192"
"pcw","Performance Counters for Windows Driver","Performance Counters for Windows Driver","Kernel ","Boot","Running","OK","TRUE","FALSE","40.960","8.192","0","","C:\WINDOWS\system32\drivers\pcw.sys","4.096"
"pdc","pdc","pdc","Kernel ","Boot","Running","OK","TRUE","FALSE","94.208","32.768","0","","C:\WINDOWS\system32\drivers\pdc.sys","8.192"
"PEAUTH","PEAUTH","PEAUTH","Kernel ","Auto","Running","OK","TRUE","FALSE","577.536","147.456","0","","C:\WINDOWS\system32\drivers\peauth.sys","4.096"
"percsas2i","percsas2i","percsas2i","Kernel ","Manual","Stopped","OK","FALSE","FALSE","0","40.960","0","15.03.2016 03:50:11","C:\WINDOWS\system32\drivers\percsas2i.sys","4.096"
"percsas3i","percsas3i","percsas3i","Kernel ","Manual","Stopped","OK","FALSE","FALSE","0","49.152","0","2.06.2018 00:47:02","C:\WINDOWS\system32\drivers\percsas3i.sys","4.096"
"PktMon","Packet Monitor Driver","Packet Monitor Driver","Kernel ","Manual","Stopped","OK","FALSE","FALSE","4.096","94.208","0","","C:\WINDOWS\system32\drivers\PktMon.sys","4.096"
"PktMonApi","Packet Monitor Export Driver","Packet Monitor Export Driver","Kernel ","Manual","Stopped","OK","FALSE","FALSE","4.096","16.384","0","","C:\WINDOWS\system32\drivers\PktMonApi.sys","4.096"
"PlutonHeci","Microsoft Pluton Security Service","Microsoft Pluton Security Service","Kernel ","Manual","Stopped","OK","FALSE","FALSE","8.192","20.480","0","","C:\WINDOWS\system32\DriverStore\FileRepository\pluton-heci.inf_amd64_de9d8b766fcb495b\pluton-heci.sys","4.096"
"PlutonHsp2","Microsoft Pluton Service","Microsoft Pluton Service","Kernel ","Manual","Stopped","OK","FALSE","FALSE","8.192","20.480","0","","C:\WINDOWS\system32\DriverStore\FileRepository\plutonhsp2.inf_amd64_da8d58b2bd5293b6\PlutonHsp2.sys","4.096"
"pmem","Microsoft kalçcç bellek disk s¹r¹c¹s¹","Microsoft kalçcç bellek disk s¹r¹c¹s¹","Kernel ","Manual","Stopped","OK","FALSE","FALSE","28.672","53.248","0","","C:\WINDOWS\system32\drivers\pmem.sys","4.096"
"PNPMEM","Microsoft Bellek Mod¹l¹ S¹r¹c¹s¹","Microsoft Bellek Mod¹l¹ S¹r¹c¹s¹","Kernel ","Manual","Stopped","OK","FALSE","FALSE","8.192","8.192","0","","C:\WINDOWS\system32\drivers\pnpmem.sys","4.096"
"portcfg","portcfg","portcfg","Kernel ","Manual","Stopped","OK","FALSE","FALSE","12.288","12.288","0","","C:\WINDOWS\system32\drivers\portcfg.sys","4.096"
"PptpMiniport","WAN Miniport (PPTP)","WAN Miniport (PPTP)","Kernel ","Manual","Stopped","OK","FALSE","FALSE","65.536","36.864","0","","C:\WINDOWS\system32\drivers\raspptp.sys","4.096"
"PRM","Microsoft PRM S¹r¹c¹s¹","Microsoft PRM S¹r¹c¹s¹","Kernel ","Boot","Running","OK","TRUE","FALSE","4.096","16.384","0","","C:\WINDOWS\system32\DriverStore\FileRepository\prm.inf_amd64_7c38475757a1f016\PRM.sys","4.096"
"Processor","‰ülemci S¹r¹c¹s¹","‰ülemci S¹r¹c¹s¹","Kernel ","Manual","Stopped","OK","FALSE","FALSE","122.880","53.248","0","","C:\WINDOWS\system32\drivers\processr.sys","12.288"
"Psched","QoS Paket Zamanlayçcçsç","QoS Paket Zamanlayçcçsç","Kernel ","System","Running","OK","TRUE","FALSE","20.480","81.920","0","","C:\WINDOWS\system32\drivers\pacer.sys","4.096"
"pvhdparser","pvhdparser","pvhdparser","Kernel ","Manual","Stopped","OK","FALSE","FALSE","24.576","24.576","0","","C:\WINDOWS\system32\drivers\pvhdparser.sys","4.096"
"pvscsi","pvscsi Storage Controller Driver","pvscsi Storage Controller Driver","Kernel ","Manual","Stopped","OK","FALSE","FALSE","0","24.576","0","20.05.2021 06:55:26","C:\WINDOWS\system32\drivers\pvscsii.sys","4.096"
"QWAVEdrv","QWAVE s¹r¹c¹s¹","QWAVE s¹r¹c¹s¹","Kernel ","Manual","Stopped","OK","FALSE","FALSE","8.192","40.960","0","","C:\WINDOWS\system32\drivers\qwavedrv.sys","4.096"
"Ramdisk","Windows RAM Disk S¹r¹c¹s¹","Windows RAM Disk S¹r¹c¹s¹","Kernel ","Manual","Stopped","OK","FALSE","FALSE","16.384","12.288","0","","C:\WINDOWS\system32\drivers\ramdisk.sys","4.096"
"ramparser","ramparser","ramparser","Kernel ","Manual","Stopped","OK","FALSE","FALSE","8.192","20.480","0","","C:\WINDOWS\system32\drivers\ramparser.sys","4.096"
"RasAcd","Remote Access Auto Connection Driver","Remote Access Auto Connection Driver","Kernel ","Manual","Stopped","OK","FALSE","FALSE","4.096","16.384","0","","C:\WINDOWS\system32\DRIVERS\rasacd.sys","4.096"
"RasAgileVpn","WAN Miniport (IKEv2)","WAN Miniport (IKEv2)","Kernel ","Manual","Stopped","OK","FALSE","FALSE","32.768","49.152","0","","C:\WINDOWS\system32\drivers\AgileVpn.sys","4.096"
"Rasl2tp","WAN Miniport (L2TP)","WAN Miniport (L2TP)","Kernel ","Manual","Stopped","OK","FALSE","FALSE","73.728","24.576","0","","C:\WINDOWS\system32\drivers\rasl2tp.sys","4.096"
"RasPppoe","Remote Access PPPOE Driver","Remote Access PPPOE Driver","Kernel ","Manual","Stopped","OK","FALSE","FALSE","49.152","32.768","0","","C:\WINDOWS\system32\DRIVERS\raspppoe.sys","4.096"
"RasSstp","WAN Miniport (SSTP)","WAN Miniport (SSTP)","Kernel ","Manual","Stopped","OK","FALSE","FALSE","49.152","28.672","0","","C:\WINDOWS\system32\drivers\rassstp.sys","4.096"
"rdbss","Yeniden Yînlendirilen Arabellek Alt Sistemi","Yeniden Yînlendirilen Arabellek Alt Sistemi","File System ","System","Running","OK","TRUE","FALSE","253.952","172.032","0","","C:\WINDOWS\system32\DRIVERS\rdbss.sys","8.192"
"rdpbus","Uzak Masa¹st¹ Aygçt Yeniden Yînlendirici Veri Yolu S¹r¹c¹s¹","Uzak Masa¹st¹ Aygçt Yeniden Yînlendirici Veri Yolu S¹r¹c¹s¹","Kernel ","Manual","Running","OK","TRUE","FALSE","8.192","12.288","0","","C:\WINDOWS\system32\drivers\rdpbus.sys","4.096"
"RDPDR","Remote Desktop Device Redirector Driver","Remote Desktop Device Redirector Driver","Kernel ","Manual","Stopped","OK","FALSE","FALSE","118.784","28.672","0","","C:\WINDOWS\system32\drivers\rdpdr.sys","4.096"
"rdyboost","ReadyBoost","ReadyBoost","Kernel ","Boot","Running","OK","TRUE","FALSE","45.056","176.128","0","","C:\WINDOWS\system32\drivers\rdyboost.sys","4.096"
"ReFS","ReFS","ReFS","File System ","Manual","Stopped","OK","FALSE","FALSE","802.816","1.892.352","0","","C:\WINDOWS\system32\drivers\ReFS.sys","16.384"
"ReFSv1","ReFSv1","ReFSv1","File System ","Manual","Stopped","OK","FALSE","FALSE","348.160","405.504","0","","C:\WINDOWS\system32\drivers\ReFSv1.sys","8.192"
"RFCOMM","Bluetooth Device (RFCOMM Protocol TDI)","Bluetooth Device (RFCOMM Protocol TDI)","Kernel ","Manual","Running","OK","TRUE","FALSE","20.480","139.264","0","","C:\WINDOWS\system32\drivers\rfcomm.sys","4.096"
"rhproxy","Kaynak Merkezi ara sunucu s¹r¹c¹s¹","Kaynak Merkezi ara sunucu s¹r¹c¹s¹","Kernel ","Manual","Stopped","OK","FALSE","FALSE","49.152","49.152","0","","C:\WINDOWS\system32\drivers\rhproxy.sys","4.096"
"RoutePolicy","Microsoft Route Policy Service","Microsoft Route Policy Service","Kernel ","Manual","Stopped","OK","FALSE","FALSE","8.192","49.152","0","","C:\WINDOWS\system32\drivers\RoutePolicy.sys","4.096"
"rspndr","Baßlantç Katmanç Topolojisi Bulma Yançtlayçcçsç","Baßlantç Katmanç Topolojisi Bulma Yançtlayçcçsç","Kernel ","Auto","Running","OK","TRUE","FALSE","12.288","65.536","0","","C:\WINDOWS\system32\drivers\rspndr.sys","4.096"
"rt640x64","Realtek RT640 NT Driver","Realtek RT640 NT Driver","Kernel ","Manual","Running","OK","TRUE","FALSE","4.096","1.171.456","0","24.05.2024 09:57:12","C:\WINDOWS\system32\drivers\rt640x64.sys","8.192"
"rtcx21","Realtek NetAdapter Driver","Realtek NetAdapter Driver","Kernel ","Manual","Stopped","OK","FALSE","FALSE","4.096","462.848","0","4.10.2021 09:54:20","C:\WINDOWS\system32\DriverStore\FileRepository\rtcx21x64.inf_amd64_feec7a9662e785f0\rtcx21x64.sys","4.096"
"rtf64","Realtek LightWeight Filter (NDIS6.40)","Realtek LightWeight Filter (NDIS6.40)","Kernel ","System","Running","OK","TRUE","FALSE","4.096","36.864","0","27.07.2022 14:07:59","C:\WINDOWS\system32\DRIVERS\rtf64x64.sys","8.192"
"s3cap","s3cap","s3cap","Kernel ","Manual","Stopped","OK","FALSE","FALSE","4.096","8.192","0","","C:\WINDOWS\system32\drivers\vms3cap.sys","4.096"
"sbp2port","SBP-2 Aktarma/Protokol Veri Yolu S¹r¹c¹s¹","SBP-2 Aktarma/Protokol Veri Yolu S¹r¹c¹s¹","Kernel ","Manual","Stopped","OK","FALSE","FALSE","16.384","81.920","0","","C:\WINDOWS\system32\drivers\sbp2port.sys","4.096"
"scfilter","Akçllç kart PnP Sçnçfç Filtre S¹r¹c¹s¹","Akçllç kart PnP Sçnçfç Filtre S¹r¹c¹s¹","Kernel ","Manual","Stopped","OK","FALSE","FALSE","8.192","32.768","0","","C:\WINDOWS\system32\DRIVERS\scfilter.sys","4.096"
"scmbus","Microsoft Depolama Sçnçfç Bellek Veri Yolu","Microsoft Depolama Sçnçfç Bellek Veri Yolu","Kernel ","Manual","Stopped","OK","FALSE","FALSE","49.152","81.920","0","","C:\WINDOWS\system32\drivers\scmbus.sys","4.096"
"sdbus","sdbus","sdbus","Kernel ","Manual","Stopped","OK","FALSE","FALSE","28.672","212.992","0","","C:\WINDOWS\system32\drivers\sdbus.sys","8.192"
"SdcaHidInbox","SoundWire HID S¹r¹c¹s¹","SoundWire HID S¹r¹c¹s¹","Kernel ","Manual","Stopped","OK","FALSE","FALSE","73.728","45.056","0","","C:\WINDOWS\system32\DriverStore\FileRepository\sdcahid.inf_amd64_9b043c5c82568ed0\SdcaHid.sys","4.096"
"SdcaMfdInbox","SoundWire Ses Äok ‰ülevli S¹r¹c¹","SoundWire Ses Äok ‰ülevli S¹r¹c¹","Kernel ","Manual","Stopped","OK","FALSE","FALSE","45.056","86.016","0","","C:\WINDOWS\system32\DriverStore\FileRepository\sdcamfd.inf_amd64_7616b07de0d13d6f\SdcaMfd.sys","4.096"
"sdstor","SD Depolama Baßlantç Noktasç S¹r¹c¹s¹","SD Depolama Baßlantç Noktasç S¹r¹c¹s¹","Kernel ","Manual","Stopped","OK","FALSE","FALSE","24.576","57.344","0","","C:\WINDOWS\system32\drivers\sdstor.sys","4.096"
"SerCx","Serial UART Support Library","Serial UART Support Library","Kernel ","Manual","Stopped","OK","FALSE","FALSE","4.096","61.440","0","","C:\WINDOWS\system32\drivers\SerCx.sys","4.096"
"SerCx2","Serial UART Support Library","Serial UART Support Library","Kernel ","Manual","Stopped","OK","FALSE","FALSE","4.096","118.784","0","","C:\WINDOWS\system32\drivers\SerCx2.sys","4.096"
"Serenum","Serenum Filtre S¹r¹c¹s¹","Serenum Filtre S¹r¹c¹s¹","Kernel ","Manual","Stopped","OK","FALSE","FALSE","16.384","12.288","0","","C:\WINDOWS\system32\drivers\serenum.sys","4.096"
"Serial","Seri baßlantç noktasç s¹r¹c¹s¹","Seri baßlantç noktasç s¹r¹c¹s¹","Kernel ","Manual","Stopped","OK","FALSE","FALSE","40.960","28.672","0","","C:\WINDOWS\system32\drivers\serial.sys","4.096"
"sermouse","Seri Fare S¹r¹c¹s¹","Seri Fare S¹r¹c¹s¹","Kernel ","Manual","Stopped","OK","FALSE","FALSE","12.288","12.288","0","","C:\WINDOWS\system32\drivers\sermouse.sys","4.096"
"sfloppy","Y¹ksek Kapasiteli Disket S¹r¹c¹s¹","Y¹ksek Kapasiteli Disket S¹r¹c¹s¹","Kernel ","Manual","Stopped","OK","FALSE","FALSE","8.192","12.288","0","","C:\WINDOWS\system32\drivers\sfloppy.sys","4.096"
"SiSRaid2","SiSRaid2","SiSRaid2","Kernel ","Manual","Stopped","OK","FALSE","FALSE","0","32.768","0","24.09.2008 21:28:20","C:\WINDOWS\system32\drivers\SiSRaid2.sys","4.096"
"SiSRaid4","SiSRaid4","SiSRaid4","Kernel ","Manual","Stopped","OK","FALSE","FALSE","0","69.632","0","2.10.2008 00:56:04","C:\WINDOWS\system32\drivers\sisraid4.sys","4.096"
"SmartSAMD","SmartSAMD","SmartSAMD","Kernel ","Manual","Stopped","OK","FALSE","FALSE","0","188.416","0","21.02.2019 20:54:44","C:\WINDOWS\system32\drivers\SmartSAMD.sys","4.096"
"smbdirect","smbdirect","smbdirect","File System ","Manual","Stopped","OK","FALSE","FALSE","12.288","131.072","0","","C:\WINDOWS\system32\DRIVERS\smbdirect.sys","4.096"
"spaceparser","spaceparser","spaceparser","Kernel ","Manual","Stopped","OK","FALSE","FALSE","8.192","28.672","0","","C:\WINDOWS\system32\drivers\spaceparser.sys","4.096"
"spaceport","Depolama Alanlarç S¹r¹c¹s¹","Depolama Alanlarç S¹r¹c¹s¹","Kernel ","Boot","Running","OK","TRUE","FALSE","200.704","450.560","0","","C:\WINDOWS\system32\drivers\spaceport.sys","4.096"
"SpbCx","Simple Peripheral Bus Support Library","Simple Peripheral Bus Support Library","Kernel ","Manual","Running","OK","TRUE","FALSE","4.096","65.536","0","","C:\WINDOWS\system32\drivers\SpbCx.sys","4.096"
"srv2","Sunucu SMB 2.xxx S¹r¹c¹s¹","Sunucu SMB 2.xxx S¹r¹c¹s¹","File System ","Manual","Running","OK","TRUE","FALSE","286.720","249.856","0","","C:\WINDOWS\system32\DRIVERS\srv2.sys","4.096"
"srvnet","srvnet","srvnet","File System ","Manual","Running","OK","TRUE","FALSE","98.304","188.416","0","","C:\WINDOWS\system32\DRIVERS\srvnet.sys","4.096"
"sRZVAD","7.1 Surround Sound","7.1 Surround Sound","Kernel ","Manual","Running","OK","TRUE","FALSE","53.248","20.480","0","18.09.2019 07:10:41","C:\WINDOWS\system32\drivers\RZSurround.sys","4.096"
"stexstor","stexstor","stexstor","Kernel ","Manual","Stopped","OK","FALSE","FALSE","0","16.384","0","27.11.2012 03:02:51","C:\WINDOWS\system32\drivers\stexstor.sys","4.096"
"storahci","Microsoft Standart SATA AHCI S¹r¹c¹s¹","Microsoft Standart SATA AHCI S¹r¹c¹s¹","Kernel ","Manual","Stopped","OK","FALSE","FALSE","0","163.840","0","","C:\WINDOWS\system32\drivers\storahci.sys","4.096"
"storflt","Microsoft Hyper-V Depolama Hçzlandçrçcçsç","Microsoft Hyper-V Depolama Hçzlandçrçcçsç","Kernel ","Manual","Stopped","OK","FALSE","FALSE","8.192","24.576","0","","C:\WINDOWS\system32\drivers\vmstorfl.sys","4.096"
"stornvme","Microsoft Standart NVM Express S¹r¹c¹s¹","Microsoft Standart NVM Express S¹r¹c¹s¹","Kernel ","Boot","Running","OK","TRUE","FALSE","4.096","225.280","0","","C:\WINDOWS\system32\drivers\stornvme.sys","4.096"
"storqosflt","Depolama QoS Filtre S¹r¹c¹s¹","Depolama QoS Filtre S¹r¹c¹s¹","File System ","Auto","Running","OK","TRUE","FALSE","20.480","40.960","0","","C:\WINDOWS\system32\drivers\storqosflt.sys","4.096"
"storufs","Microsoft Evrensel Flaü Depolama Birimi (UFS) S¹r¹c¹s¹","Microsoft Evrensel Flaü Depolama Birimi (UFS) S¹r¹c¹s¹","Kernel ","Manual","Stopped","OK","FALSE","FALSE","4.096","73.728","0","","C:\WINDOWS\system32\drivers\storufs.sys","4.096"
"storvsc","storvsc","storvsc","Kernel ","Manual","Stopped","OK","FALSE","FALSE","8.192","32.768","0","","C:\WINDOWS\system32\drivers\storvsc.sys","4.096"
"storvsp","storvsp","storvsp","Kernel ","Manual","Running","OK","TRUE","FALSE","77.824","73.728","0","","C:\WINDOWS\system32\drivers\storvsp.sys","4.096"
"swenum","Yazçlçm Veri Yolu S¹r¹c¹s¹","Yazçlçm Veri Yolu S¹r¹c¹s¹","Kernel ","Manual","Running","OK","TRUE","FALSE","4.096","4.096","0","","C:\WINDOWS\system32\DriverStore\FileRepository\swenum.inf_amd64_8b9dd76f362e3ec6\swenum.sys","4.096"
"SynTP","Synaptics TPFHID Service","Synaptics TPFHID Service","Kernel ","Manual","Running","OK","TRUE","FALSE","4.096","692.224","0","17.10.2024 10:50:09","C:\WINDOWS\system32\drivers\SynTP.sys","4.096"
"Tcpip","TCP/IP ‰letiüim Kurallarç S¹r¹c¹s¹","TCP/IP ‰letiüim Kurallarç S¹r¹c¹s¹","Kernel ","Boot","Running","OK","TRUE","FALSE","204.800","1.970.176","0","","C:\WINDOWS\system32\drivers\tcpip.sys","12.288"
"Tcpip6","@todo.dll,-100;Microsoft IPv6 Protocol Driver","@todo.dll,-100;Microsoft IPv6 Protocol Driver","Kernel ","Manual","Stopped","OK","FALSE","FALSE","204.800","1.970.176","0","","C:\WINDOWS\system32\drivers\tcpip.sys","12.288"
"tcpipreg","@%SystemRoot%\System32\drivers\tcpipreg.sys,-10110,","@%SystemRoot%\System32\drivers\tcpipreg.sys,-10110,","Kernel ","Auto","Running","OK","TRUE","FALSE","4.096","40.960","0","","C:\WINDOWS\system32\drivers\tcpipreg.sys","4.096"
"tdx","NetIO Eski TDI Desteßi S¹r¹c¹s¹","NetIO Eski TDI Desteßi S¹r¹c¹s¹","Kernel ","System","Running","OK","TRUE","FALSE","4.096","110.592","0","","C:\WINDOWS\system32\DRIVERS\tdx.sys","4.096"
"terminpt","Microsoft Uzak Masa¹st¹ Giriü S¹r¹c¹s¹","Microsoft Uzak Masa¹st¹ Giriü S¹r¹c¹s¹","Kernel ","Manual","Stopped","OK","FALSE","FALSE","12.288","16.384","0","","C:\WINDOWS\system32\drivers\terminpt.sys","4.096"
"ThermalFilter","Microsoft Termal Filtre S¹r¹c¹s¹","Microsoft Termal Filtre S¹r¹c¹s¹","Kernel ","Manual","Stopped","OK","FALSE","FALSE","16.384","16.384","0","","C:\WINDOWS\system32\DriverStore\FileRepository\c_thermal.inf_amd64_da425c75da59aa9c\ThermalFilter.sys","4.096"
"TPM","TPM","TPM","Kernel ","Manual","Running","OK","TRUE","FALSE","8.192","290.816","0","","C:\WINDOWS\system32\drivers\tpm.sys","4.096"
"TsUsbFlt","Remote Desktop USB Hub Class Filter Driver","Remote Desktop USB Hub Class Filter Driver","Kernel ","Manual","Stopped","OK","FALSE","FALSE","4.096","49.152","0","","C:\WINDOWS\system32\drivers\tsusbflt.sys","4.096"
"TsUsbGD","Uzak Masa¹st¹ Genel USB Aygçtç","Uzak Masa¹st¹ Genel USB Aygçtç","Kernel ","Manual","Stopped","OK","FALSE","FALSE","4.096","28.672","0","","C:\WINDOWS\system32\drivers\TsUsbGD.sys","4.096"
"tsusbhub","Remote Desktop USB Hub","Remote Desktop USB Hub","Kernel ","Manual","Stopped","OK","FALSE","FALSE","8.192","98.304","0","","C:\WINDOWS\system32\drivers\tsusbhub.sys","4.096"
"tunnel","Microsoft T¹neli Miniport Baßdaütçrçcç S¹r¹c¹s¹","Microsoft T¹neli Miniport Baßdaütçrçcç S¹r¹c¹s¹","Kernel ","Manual","Stopped","OK","FALSE","FALSE","12.288","73.728","0","","C:\WINDOWS\system32\drivers\tunnel.sys","4.096"
"UASPStor","USB ile Baßlanan SCSI (UAS) S¹r¹c¹s¹","USB ile Baßlanan SCSI (UAS) S¹r¹c¹s¹","Kernel ","Manual","Stopped","OK","FALSE","FALSE","4.096","61.440","0","","C:\WINDOWS\system32\drivers\uaspstor.sys","4.096"
"UcmCx0101","USB Connector Manager KMDF Class Extension","USB Connector Manager KMDF Class Extension","Kernel ","Manual","Running","OK","TRUE","FALSE","12.288","151.552","0","","C:\WINDOWS\system32\Drivers\UcmCx.sys","4.096"
"UcmTcpciCx0101","UCM-TCPCI KMDF Class Extension","UCM-TCPCI KMDF Class Extension","Kernel ","Manual","Stopped","OK","FALSE","FALSE","24.576","114.688","0","","C:\WINDOWS\system32\Drivers\UcmTcpciCx.sys","4.096"
"UcmUcsiAcpiClient","UCM-UCSI ACPI ‰stemcisi","UCM-UCSI ACPI ‰stemcisi","Kernel ","Manual","Running","OK","TRUE","FALSE","20.480","16.384","0","","C:\WINDOWS\system32\drivers\UcmUcsiAcpiClient.sys","4.096"
"UcmUcsiCx0101","UCM-UCSI KMDF Class Extension","UCM-UCSI KMDF Class Extension","Kernel ","Manual","Running","OK","TRUE","FALSE","36.864","90.112","0","","C:\WINDOWS\system32\Drivers\UcmUcsiCx.sys","4.096"
"UCPD","UCPD","UCPD","File System ","System","Running","OK","TRUE","FALSE","8.192","86.016","0","","C:\WINDOWS\system32\drivers\UCPD.sys","4.096"
"Ucx01000","USB Host Support Library","USB Host Support Library","Kernel ","Manual","Running","OK","TRUE","FALSE","4.096","155.648","0","","C:\WINDOWS\system32\drivers\ucx01000.sys","4.096"
"UdeCx","USB Device Emulation Support Library","USB Device Emulation Support Library","Kernel ","Manual","Stopped","OK","FALSE","FALSE","4.096","45.056","0","","C:\WINDOWS\system32\drivers\udecx.sys","4.096"
"udfs","udfs","udfs","File System ","Disabled","Stopped","OK","FALSE","FALSE","200.704","122.880","0","","C:\WINDOWS\system32\DRIVERS\udfs.sys","4.096"
"UEFI","Microsoft UEFI S¹r¹c¹s¹","Microsoft UEFI S¹r¹c¹s¹","Kernel ","Manual","Running","OK","TRUE","FALSE","16.384","16.384","0","","C:\WINDOWS\system32\DriverStore\FileRepository\uefi.inf_amd64_76e7c15a1110d3a0\UEFI.sys","4.096"
"UevAgentDriver","UevAgentDriver","UevAgentDriver","File System ","Disabled","Stopped","OK","FALSE","FALSE","8.192","12.288","0","","C:\WINDOWS\system32\drivers\UevAgentDriver.sys","4.096"
"Ufx01000","USB Function Class Extension","USB Function Class Extension","Kernel ","Manual","Stopped","OK","FALSE","FALSE","81.920","163.840","0","","C:\WINDOWS\system32\drivers\ufx01000.sys","4.096"
"UfxChipidea","USB Chipidea Denetleyicisi","USB Chipidea Denetleyicisi","Kernel ","Manual","Stopped","OK","FALSE","FALSE","24.576","65.536","0","","C:\WINDOWS\system32\DriverStore\FileRepository\ufxchipidea.inf_amd64_6e8bb2ed82835828\UfxChipidea.sys","4.096"
"ufxsynopsys","USB Synopsys Denetleyicisi","USB Synopsys Denetleyicisi","Kernel ","Manual","Stopped","OK","FALSE","FALSE","32.768","98.304","0","","C:\WINDOWS\system32\drivers\ufxsynopsys.sys","4.096"
"uiomap","Microsoft UIO Eüleyici S¹r¹c¹ Hizmeti","Microsoft UIO Eüleyici S¹r¹c¹ Hizmeti","Kernel ","System","Running","OK","TRUE","FALSE","4.096","28.672","0","","C:\WINDOWS\system32\DriverStore\FileRepository\uiomap.inf_amd64_30a8c41a2a11d155\uiomap.sys","4.096"
"umbus","UMBus Numaralandçrçcç S¹r¹c¹s¹","UMBus Numaralandçrçcç S¹r¹c¹s¹","Kernel ","Manual","Running","OK","TRUE","FALSE","32.768","16.384","0","","C:\WINDOWS\system32\DriverStore\FileRepository\umbus.inf_amd64_914dd46b4b013b1b\umbus.sys","4.096"
"UmPass","Microsoft UMPass S¹r¹c¹s¹","Microsoft UMPass S¹r¹c¹s¹","Kernel ","Manual","Stopped","OK","FALSE","FALSE","4.096","12.288","0","","C:\WINDOWS\system32\DriverStore\FileRepository\umpass.inf_amd64_06e016c9ffecbf73\umpass.sys","4.096"
"UnionFS","UnionFS","UnionFS","File System ","Auto","Running","OK","TRUE","FALSE","8.192","331.776","0","","C:\WINDOWS\system32\drivers\UnionFS.sys","4.096"
"UrsChipidea","Chipidea USB Rol Ge΅iüi S¹r¹c¹s¹","Chipidea USB Rol Ge΅iüi S¹r¹c¹s¹","Kernel ","Manual","Stopped","OK","FALSE","FALSE","4.096","20.480","0","","C:\WINDOWS\system32\DriverStore\FileRepository\urschipidea.inf_amd64_37fb14618bce547b\urschipidea.sys","4.096"
"UrsCx01000","USB Role-Switch Support Library","USB Role-Switch Support Library","Kernel ","Manual","Stopped","OK","FALSE","FALSE","4.096","57.344","0","","C:\WINDOWS\system32\drivers\urscx01000.sys","4.096"
"UrsSynopsys","Synopsys USB Rol Ge΅iüi S¹r¹c¹s¹","Synopsys USB Rol Ge΅iüi S¹r¹c¹s¹","Kernel ","Manual","Stopped","OK","FALSE","FALSE","4.096","16.384","0","","C:\WINDOWS\system32\DriverStore\FileRepository\urssynopsys.inf_amd64_ef0be23d0f063014\urssynopsys.sys","4.096"
"usb-platformdetection","USB Platform Algçlama S¹r¹c¹s¹","USB Platform Algçlama S¹r¹c¹s¹","Kernel ","Manual","Stopped","OK","FALSE","FALSE","4.096","16.384","0","","C:\WINDOWS\system32\DriverStore\FileRepository\usb-platformdetection.inf_amd64_9f32641513a2b598\usb-platformdetection.sys","4.096"
"Usb4DeviceRouter","USB4 Aygçt Yînlendiricisi Hizmeti","USB4 Aygçt Yînlendiricisi Hizmeti","Kernel ","Manual","Stopped","OK","FALSE","FALSE","192.512","1.085.440","0","","C:\WINDOWS\system32\DriverStore\FileRepository\usb4devicerouter.inf_amd64_bae78dde90faa842\Usb4DeviceRouter.sys","4.096"
"Usb4HostRouter","USB4 Ana Bilgisayar Yînlendirici Hizmeti","USB4 Ana Bilgisayar Yînlendirici Hizmeti","Kernel ","Manual","Stopped","OK","FALSE","FALSE","397.312","593.920","0","","C:\WINDOWS\system32\DriverStore\FileRepository\usb4hostrouter.inf_amd64_dedc86d28a1cc03f\Usb4HostRouter.sys","4.096"
"usbaudio","USB Ses S¹r¹c¹s¹ (WDM)","USB Ses S¹r¹c¹s¹ (WDM)","Kernel ","Manual","Stopped","OK","FALSE","FALSE","90.112","118.784","0","","C:\WINDOWS\system32\drivers\usbaudio.sys","4.096"
"usbaudio2","USB Audio 2.0 Hizmeti","USB Audio 2.0 Hizmeti","Kernel ","Manual","Stopped","OK","FALSE","FALSE","237.568","94.208","0","","C:\WINDOWS\system32\drivers\usbaudio2.sys","4.096"
"usbccgp","Microsoft USB Genel öst S¹r¹c¹","Microsoft USB Genel öst S¹r¹c¹","Kernel ","Manual","Running","OK","TRUE","FALSE","53.248","90.112","0","","C:\WINDOWS\system32\drivers\usbccgp.sys","4.096"
"usbcir","eHome Kçzçlîtesi Alçcç (USBCIR)","eHome Kçzçlîtesi Alçcç (USBCIR)","Kernel ","Manual","Stopped","OK","FALSE","FALSE","20.480","81.920","0","","C:\WINDOWS\system32\drivers\usbcir.sys","4.096"
"usbehci","Microsoft USB 2.0 Geliümiü Ana Bilgisayar Denetleyicisi Miniport S¹r¹c¹s¹","Microsoft USB 2.0 Geliümiü Ana Bilgisayar Denetleyicisi Miniport S¹r¹c¹s¹","Kernel ","Manual","Stopped","OK","FALSE","FALSE","0","77.824","0","","C:\WINDOWS\system32\drivers\usbehci.sys","4.096"
"usbhub","Microsoft USB Standart Hub S¹r¹c¹s¹","Microsoft USB Standart Hub S¹r¹c¹s¹","Kernel ","Manual","Stopped","OK","FALSE","FALSE","4.096","401.408","0","","C:\WINDOWS\system32\drivers\usbhub.sys","4.096"
"USBHUB3","S¹per Hçzlç Hub","S¹per Hçzlç Hub","Kernel ","Manual","Running","OK","TRUE","FALSE","114.688","290.816","0","","C:\WINDOWS\system32\drivers\UsbHub3.sys","4.096"
"usbohci","Microsoft USB A΅çk Ana Bilgisayar Denetleyicisi Miniport S¹r¹c¹s¹","Microsoft USB A΅çk Ana Bilgisayar Denetleyicisi Miniport S¹r¹c¹s¹","Kernel ","Manual","Stopped","OK","FALSE","FALSE","0","32.768","0","","C:\WINDOWS\system32\drivers\usbohci.sys","4.096"
"usbprint","Microsoft USB YAZICI Sçnçfç","Microsoft USB YAZICI Sçnçfç","Kernel ","Manual","Stopped","OK","FALSE","FALSE","4.096","40.960","0","","C:\WINDOWS\system32\drivers\usbprint.sys","4.096"
"usbser","Microsoft USB Seri S¹r¹c¹","Microsoft USB Seri S¹r¹c¹","Kernel ","Manual","Stopped","OK","FALSE","FALSE","24.576","53.248","0","","C:\WINDOWS\system32\drivers\usbser.sys","4.096"
"USBSTOR","USB Yçßçn Depolama S¹r¹c¹s¹","USB Yçßçn Depolama S¹r¹c¹s¹","Kernel ","Manual","Stopped","OK","FALSE","FALSE","45.056","86.016","0","","C:\WINDOWS\system32\drivers\USBSTOR.SYS","4.096"
"usbuhci","Microsoft USB Universal Ana Bilgisayar Denetleyicisi Miniport S¹r¹c¹s¹","Microsoft USB Universal Ana Bilgisayar Denetleyicisi Miniport S¹r¹c¹s¹","Kernel ","Manual","Stopped","OK","FALSE","FALSE","0","36.864","0","","C:\WINDOWS\system32\drivers\usbuhci.sys","4.096"
"usbvideo","USB Video Aygçtç (WDM)","USB Video Aygçtç (WDM)","Kernel ","Manual","Running","OK","TRUE","FALSE","40.960","274.432","0","","C:\WINDOWS\system32\Drivers\usbvideo.sys","4.096"
"USBXHCI","USB xHCI Uyumlu Ana Bilgisayar Denetleyicisi","USB xHCI Uyumlu Ana Bilgisayar Denetleyicisi","Kernel ","Manual","Running","OK","TRUE","FALSE","69.632","368.640","0","","C:\WINDOWS\system32\drivers\USBXHCI.SYS","4.096"
"vdrvroot","Microsoft Sanal S¹r¹c¹ Listeleyicisi","Microsoft Sanal S¹r¹c¹ Listeleyicisi","Kernel ","Boot","Running","OK","TRUE","FALSE","8.192","12.288","0","","C:\WINDOWS\system32\drivers\vdrvroot.sys","4.096"
"VerifierExt","S¹r¹c¹ Doßrulayçcç Uzantçsç","S¹r¹c¹ Doßrulayçcç Uzantçsç","Kernel ","Manual","Stopped","OK","FALSE","FALSE","8.192","114.688","0","","C:\WINDOWS\system32\drivers\VerifierExt.sys","4.096"
"VfpExt","Microsoft Azure VFP Switch Filter Extension","Microsoft Azure VFP Switch Filter Extension","Kernel ","System","Running","OK","TRUE","FALSE","36.864","1.028.096","0","","C:\WINDOWS\system32\drivers\vfpext.sys","4.096"
"vgk","vgk","vgk","Kernel ","System","Running","OK","TRUE","FALSE","0","37.572.608","0","23.08.2025 04:15:20","\??\C:\Program Files\Riot Vanguard\vgk.sys","4.096"
"vhdmp","vhdmp","vhdmp","Kernel ","Manual","Stopped","OK","FALSE","FALSE","335.872","397.312","0","","C:\WINDOWS\system32\drivers\vhdmp.sys","8.192"
"vhdparser","vhdparser","vhdparser","Kernel ","Manual","Stopped","OK","FALSE","FALSE","16.384","16.384","0","","C:\WINDOWS\system32\drivers\vhdparser.sys","4.096"
"vhf","Sanal HID Äer΅evesi (VHF) S¹r¹c¹s¹","Sanal HID Äer΅evesi (VHF) S¹r¹c¹s¹","Kernel ","Manual","Stopped","OK","FALSE","FALSE","12.288","36.864","0","","C:\WINDOWS\system32\drivers\vhf.sys","4.096"
"Vid","Vid","Vid","Kernel ","System","Running","OK","TRUE","FALSE","446.464","217.088","0","","C:\WINDOWS\system32\drivers\Vid.sys","4.096"
"ViGEmBus","Nefarius Virtual Gamepad Emulation Service","Nefarius Virtual Gamepad Emulation Service","Kernel ","System","Running","OK","TRUE","FALSE","61.440","69.632","0","14.12.2020 17:29:52","C:\WINDOWS\system32\drivers\ViGEmBus.sys","4.096"
"VirtualRender","VirtualRender","VirtualRender","Kernel ","Manual","Stopped","OK","FALSE","FALSE","4.096","12.288","0","","C:\WINDOWS\system32\DriverStore\FileRepository\vrd.inf_amd64_4dd0e6d66a75bb7e\vrd.sys","4.096"
"vmbus","Sanal Makine Veri Yolu","Sanal Makine Veri Yolu","Kernel ","Manual","Stopped","OK","FALSE","FALSE","36.864","98.304","0","","C:\WINDOWS\system32\drivers\vmbus.sys","4.096"
"VMBusHID","VMBusHID","VMBusHID","Kernel ","Manual","Stopped","OK","FALSE","FALSE","4.096","16.384","0","","C:\WINDOWS\system32\drivers\VMBusHID.sys","4.096"
"vmbusproxy","vmbusproxy","vmbusproxy","Kernel ","Manual","Stopped","OK","FALSE","FALSE","12.288","45.056","0","","C:\WINDOWS\system32\drivers\vmbusproxy.sys","4.096"
"vmbusr","Virtual Machine Bus Provider","Virtual Machine Bus Provider","Kernel ","Manual","Running","OK","TRUE","FALSE","90.112","139.264","0","","C:\WINDOWS\system32\drivers\vmbusr.sys","4.096"
"vmgid","Microsoft Hyper-V Konuk Altyapçsç S¹r¹c¹s¹","Microsoft Hyper-V Konuk Altyapçsç S¹r¹c¹s¹","Kernel ","Manual","Stopped","OK","FALSE","FALSE","4.096","8.192","0","","C:\WINDOWS\system32\drivers\vmgid.sys","4.096"
"vmsmp","vmsmp","vmsmp","Kernel ","Manual","Running","OK","TRUE","FALSE","12.288","1.839.104","0","","C:\WINDOWS\system32\drivers\vmswitch.sys","4.096"
"VMSNPXY","VmSwitch NIC Proxy Driver","VmSwitch NIC Proxy Driver","Kernel ","Boot","Running","OK","TRUE","FALSE","4.096","24.576","0","","C:\WINDOWS\system32\drivers\VmsProxyHNic.sys","4.096"
"VMSP","VmSwitch Protocol Driver","VmSwitch Protocol Driver","Kernel ","Auto","Running","OK","TRUE","FALSE","12.288","1.839.104","0","","C:\WINDOWS\system32\drivers\vmswitch.sys","4.096"
"VmsProxy","VmSwitch Proxy Driver","VmSwitch Proxy Driver","Kernel ","Boot","Running","OK","TRUE","FALSE","8.192","16.384","0","","C:\WINDOWS\system32\drivers\VmsProxy.sys","4.096"
"VMSVSF","VmSwitch Extensibility Filter","VmSwitch Extensibility Filter","Kernel ","Manual","Stopped","OK","FALSE","FALSE","12.288","1.839.104","0","","C:\WINDOWS\system32\drivers\vmswitch.sys","4.096"
"VMSVSP","VmSwitch Extensibility Protocol","VmSwitch Extensibility Protocol","Kernel ","Manual","Stopped","OK","FALSE","FALSE","12.288","1.839.104","0","","C:\WINDOWS\system32\drivers\vmswitch.sys","4.096"
"volmgr","Birim Yîneticisi S¹r¹c¹s¹","Birim Yîneticisi S¹r¹c¹s¹","Kernel ","Boot","Running","OK","TRUE","FALSE","40.960","28.672","0","","C:\WINDOWS\system32\drivers\volmgr.sys","4.096"
"volmgrx","Dinamik Birim Yîneticisi","Dinamik Birim Yîneticisi","Kernel ","Boot","Running","OK","TRUE","FALSE","225.280","114.688","0","","C:\WINDOWS\system32\drivers\volmgrx.sys","4.096"
"volsnap","Birim Gîlge Kopya s¹r¹c¹s¹","Birim Gîlge Kopya s¹r¹c¹s¹","Kernel ","Boot","Running","OK","TRUE","FALSE","274.432","69.632","0","","C:\WINDOWS\system32\drivers\volsnap.sys","4.096"
"volume","Birim s¹r¹c¹s¹","Birim s¹r¹c¹s¹","Kernel ","Boot","Running","OK","TRUE","FALSE","4.096","4.096","0","","C:\WINDOWS\system32\drivers\volume.sys","4.096"
"vpci","Microsoft Hyper-V Sanal PCI Veri Yolu","Microsoft Hyper-V Sanal PCI Veri Yolu","Kernel ","Manual","Stopped","OK","FALSE","FALSE","57.344","45.056","0","","C:\WINDOWS\system32\drivers\vpci.sys","4.096"
"vpcivsp","Microsoft Hyper-V PCI Sunucusu","Microsoft Hyper-V PCI Sunucusu","Kernel ","Manual","Running","OK","TRUE","FALSE","102.400","61.440","0","","C:\WINDOWS\system32\drivers\vpcivsp.sys","4.096"
"vsmraid","vsmraid","vsmraid","Kernel ","Manual","Stopped","OK","FALSE","FALSE","0","143.360","0","22.04.2014 22:21:41","C:\WINDOWS\system32\drivers\vsmraid.sys","4.096"
"VSTXRAID","VIA StorX Storage RAID Controller Windows Driver","VIA StorX Storage RAID Controller Windows Driver","Kernel ","Manual","Stopped","OK","FALSE","FALSE","0","278.528","0","21.01.2013 22:00:28","C:\WINDOWS\system32\drivers\vstxraid.sys","4.096"
"vwifibus","Sanal Kablosuz Veri Yolu S¹r¹c¹s¹","Sanal Kablosuz Veri Yolu S¹r¹c¹s¹","Kernel ","Manual","Running","OK","TRUE","FALSE","8.192","20.480","0","","C:\WINDOWS\system32\DriverStore\FileRepository\netvwifibus.inf_amd64_ab4e111fe8221178\vwifibus.sys","4.096"
"vwififlt","Virtual WiFi Filter Driver","Virtual WiFi Filter Driver","Kernel ","System","Running","OK","TRUE","FALSE","4.096","65.536","0","","C:\WINDOWS\system32\drivers\vwififlt.sys","4.096"
"vwifimp","Sanal WiFi Miniport Hizmeti","Sanal WiFi Miniport Hizmeti","Kernel ","Manual","Running","OK","TRUE","FALSE","8.192","40.960","0","","C:\WINDOWS\system32\DriverStore\FileRepository\netvwifimp.inf_amd64_f582fa38c522282e\vwifimp.sys","4.096"
"WacomPen","Wacom Serial Pen HID S¹r¹c¹","Wacom Serial Pen HID S¹r¹c¹","Kernel ","Manual","Stopped","OK","FALSE","FALSE","12.288","16.384","0","","C:\WINDOWS\system32\drivers\wacompen.sys","4.096"
"wanarp","Remote Access IP ARP Driver","Remote Access IP ARP Driver","Kernel ","Auto","Running","OK","TRUE","FALSE","53.248","24.576","0","","C:\WINDOWS\system32\DRIVERS\wanarp.sys","4.096"
"wanarpv6","Remote Access IPv6 ARP Driver","Remote Access IPv6 ARP Driver","Kernel ","Manual","Stopped","OK","FALSE","FALSE","53.248","24.576","0","","C:\WINDOWS\system32\DRIVERS\wanarp.sys","4.096"
"wcifs","Windows Container Isolation","Windows Container Isolation","File System ","Auto","Running","OK","TRUE","FALSE","135.168","36.864","0","","C:\WINDOWS\system32\drivers\wcifs.sys","8.192"
"WdBoot","Microsoft Defender Vir¹sten Koruma ôny¹kleme S¹r¹c¹s¹","Microsoft Defender Vir¹sten Koruma ôny¹kleme S¹r¹c¹s¹","Kernel ","Boot","Stopped","OK","FALSE","FALSE","4.096","4.096","0","","C:\WINDOWS\system32\drivers\wd\WdBoot.sys","4.096"
"Wdf01000","Äekirdek Modu S¹r¹c¹ Äer΅eveleri hizmeti","Äekirdek Modu S¹r¹c¹ Äer΅eveleri hizmeti","Kernel ","Boot","Running","OK","TRUE","FALSE","49.152","708.608","0","","C:\WINDOWS\system32\drivers\Wdf01000.sys","4.096"
"WdFilter","Microsoft Defender Vir¹sten Koruma Mini Filtre S¹r¹c¹s¹","Microsoft Defender Vir¹sten Koruma Mini Filtre S¹r¹c¹s¹","File System ","Boot","Running","OK","TRUE","FALSE","393.216","69.632","0","","C:\WINDOWS\system32\drivers\wd\WdFilter.sys","45.056"
"wdiwifi","WDI Driver Framework","WDI Driver Framework","Kernel ","Manual","Running","OK","TRUE","FALSE","4.096","909.312","0","","C:\WINDOWS\system32\DRIVERS\wdiwifi.sys","4.096"
"WdmCompanionFilter","WdmCompanionFilter","WdmCompanionFilter","Kernel ","Manual","Stopped","OK","FALSE","FALSE","4.096","12.288","0","","C:\WINDOWS\system32\drivers\WdmCompanionFilter.sys","4.096"
"WdNisDrv","Microsoft Defender Vir¹sten Koruma Aß ‰nceleme Sistem S¹r¹c¹s¹","Microsoft Defender Vir¹sten Koruma Aß ‰nceleme Sistem S¹r¹c¹s¹","Kernel ","Manual","Running","OK","TRUE","FALSE","12.288","61.440","0","","C:\WINDOWS\system32\drivers\wd\WdNisDrv.sys","4.096"
"WFPLWFS","Microsoft Windows Filtering Platform","Microsoft Windows Filtering Platform","Kernel ","Boot","Running","OK","TRUE","FALSE","4.096","139.264","0","","C:\WINDOWS\system32\drivers\wfplwfs.sys","4.096"
"Wificx","Wifi Network Adapter Class Extension","Wifi Network Adapter Class Extension","Kernel ","Manual","Stopped","OK","FALSE","FALSE","8.192","884.736","0","","C:\WINDOWS\system32\drivers\WifiCx.sys","4.096"
"WIMMount","WIMMount","WIMMount","File System ","Manual","Stopped","OK","FALSE","FALSE","12.288","16.384","0","","C:\WINDOWS\system32\drivers\wimmount.sys","4.096"
"WinAccelCx0101","Microsoft Accelerator Class Extension Driver","Microsoft Accelerator Class Extension Driver","Kernel ","Manual","Stopped","OK","FALSE","FALSE","8.192","86.016","0","","C:\WINDOWS\system32\drivers\WinAccelCx.sys","4.096"
"WindowsTrustedRT","Windows Trusted Execution Environment Class Extension","Windows Trusted Execution Environment Class Extension","Kernel ","Boot","Running","OK","TRUE","FALSE","8.192","53.248","0","","C:\WINDOWS\system32\drivers\WindowsTrustedRT.sys","4.096"
"WindowsTrustedRTProxy","Microsoft Windows G¹venilir Äalçüma Zamanç G¹venli Hizmeti","Microsoft Windows G¹venilir Äalçüma Zamanç G¹venli Hizmeti","Kernel ","Boot","Running","OK","TRUE","FALSE","4.096","8.192","0","","C:\WINDOWS\system32\drivers\WindowsTrustedRTProxy.sys","4.096"
"wini3ctarget","I3C Hedef Aygçtlarç i΅in genel s¹r¹c¹","I3C Hedef Aygçtlarç i΅in genel s¹r¹c¹","Kernel ","Manual","Stopped","OK","FALSE","FALSE","8.192","16.384","0","","C:\WINDOWS\system32\DriverStore\FileRepository\wini3ctarget.inf_amd64_649556236bab9406\wini3ctarget.sys","4.096"
"WinMad","WinMad Service","WinMad Service","Kernel ","Manual","Stopped","OK","FALSE","FALSE","4.096","20.480","0","19.06.2019 16:18:11","C:\WINDOWS\system32\drivers\winmad.sys","4.096"
"WinNat","Windows NAT S¹r¹c¹s¹","Windows NAT S¹r¹c¹s¹","Kernel ","Manual","Running","OK","TRUE","FALSE","32.768","131.072","0","","C:\WINDOWS\system32\drivers\winnat.sys","4.096"
"wintun","wintun","wintun","Kernel ","Manual","Stopped","OK","FALSE","FALSE","0","12.288","0","13.10.2021 15:24:47","C:\WINDOWS\system32\drivers\wintun.sys","4.096"
"WINUSB","WinUsb S¹r¹c¹s¹","WinUsb S¹r¹c¹s¹","Kernel ","Manual","Running","OK","TRUE","FALSE","24.576","73.728","0","","C:\WINDOWS\system32\drivers\WinUSB.SYS","4.096"
"WinVerbs","WinVerbs Service","WinVerbs Service","Kernel ","Manual","Stopped","OK","FALSE","FALSE","4.096","53.248","0","19.06.2019 16:18:12","C:\WINDOWS\system32\drivers\winverbs.sys","4.096"
"WmiAcpi","Microsoft Windows Management Interface for ACPI","Microsoft Windows Management Interface for ACPI","Kernel ","Manual","Running","OK","TRUE","FALSE","8.192","12.288","0","","C:\WINDOWS\system32\drivers\wmiacpi.sys","4.096"
"Wof","Windows Overlay File System Filter Driver","Windows Overlay File System Filter Driver","File System ","Boot","Running","OK","TRUE","FALSE","114.688","69.632","0","","C:\WINDOWS\system32\drivers\Wof.sys","8.192"
"WpdUpFltr","WPD Upper Class Filter Driver","WPD Upper Class Filter Driver","Kernel ","Manual","Stopped","OK","FALSE","FALSE","8.192","16.384","0","","C:\WINDOWS\system32\drivers\WpdUpFltr.sys","4.096"
"ws2ifsl","Winsock IFS S¹r¹c¹s¹","Winsock IFS S¹r¹c¹s¹","Kernel ","Disabled","Stopped","OK","FALSE","FALSE","12.288","12.288","0","","C:\WINDOWS\system32\drivers\ws2ifsl.sys","4.096"
"wtd","wtd","wtd","Kernel ","Auto","Running","OK","TRUE","FALSE","28.672","32.768","0","","C:\WINDOWS\system32\drivers\wtd.sys","4.096"
"WudfPf","User Mode Driver Frameworks Platform Driver","User Mode Driver Frameworks Platform Driver","Kernel ","Manual","Stopped","OK","FALSE","FALSE","12.288","94.208","0","","C:\WINDOWS\system32\drivers\WudfPf.sys","4.096"
"WUDFRd","Windows Driver Foundation - User-mode Driver Framework Reflector","Windows Driver Foundation - User-mode Driver Framework Reflector","Kernel ","Manual","Stopped","OK","FALSE","FALSE","12.288","270.336","0","","C:\WINDOWS\system32\drivers\WUDFRd.sys","4.096"
"WUDFWpdFs","WPD Dosya Sistemi s¹r¹c¹s¹","WPD Dosya Sistemi s¹r¹c¹s¹","Kernel ","Manual","Stopped","OK","FALSE","FALSE","12.288","270.336","0","","C:\WINDOWS\system32\drivers\WUDFRd.sys","4.096"
"xboxgip","Xbox Oyun Giriü Protokol¹ S¹r¹c¹s¹","Xbox Oyun Giriü Protokol¹ S¹r¹c¹s¹","Kernel ","Manual","Stopped","OK","FALSE","FALSE","16.384","307.200","0","","C:\WINDOWS\system32\drivers\xboxgip.sys","4.096"
"xinputhid","XINPUT HID Filtre S¹r¹c¹s¹","XINPUT HID Filtre S¹r¹c¹s¹","Kernel ","Manual","Stopped","OK","FALSE","FALSE","4.096","57.344","0","","C:\WINDOWS\system32\drivers\xinputhid.sys","4.096"
"xusb22","Xbox 360 Kablosuz Alçcçsç S¹r¹c¹ Hizmeti 22","Xbox 360 Kablosuz Alçcçsç S¹r¹c¹ Hizmeti 22","Kernel ","Manual","Stopped","OK","FALSE","FALSE","8.192","106.496","0","","C:\WINDOWS\system32\drivers\xusb22.sys","4.096"
"ZTDNS","ZTDNS","ZTDNS","Kernel ","Manual","Stopped","OK","FALSE","FALSE","12.288","36.864","0","","C:\WINDOWS\system32\drivers\ztdns.sys","4.096"
